id,icon_key,category,product_name,relative_path,tags
1,dairy-milk-0001,dairy,FreshFarm Milk 100 g,/product-icons/generated/dairy-milk-0001.webp,"dairy,milk,100-g,freshfarm"
2,dairy-milk-0002,dairy,FreshFarm Milk 200 g,/product-icons/generated/dairy-milk-0002.webp,"dairy,milk,200-g,freshfarm"
3,dairy-milk-0003,dairy,FreshFarm Milk 250 g,/product-icons/generated/dairy-milk-0003.webp,"dairy,milk,250-g,freshfarm"
4,dairy-milk-0004,dairy,FreshFarm Milk 500 g,/product-icons/generated/dairy-milk-0004.webp,"dairy,milk,500-g,freshfarm"
5,dairy-milk-0005,dairy,FreshFarm Milk 1 kg,/product-icons/generated/dairy-milk-0005.webp,"dairy,milk,1-kg,freshfarm"
6,dairy-milk-0006,dairy,FreshFarm Milk 100 ml,/product-icons/generated/dairy-milk-0006.webp,"dairy,milk,100-ml,freshfarm"
7,dairy-milk-0007,dairy,FreshFarm Milk 200 ml,/product-icons/generated/dairy-milk-0007.webp,"dairy,milk,200-ml,freshfarm"
8,dairy-milk-0008,dairy,FreshFarm Milk 500 ml,/product-icons/generated/dairy-milk-0008.webp,"dairy,milk,500-ml,freshfarm"
9,dairy-milk-0009,dairy,FreshFarm Milk 1 L,/product-icons/generated/dairy-milk-0009.webp,"dairy,milk,1-l,freshfarm"
10,dairy-milk-0010,dairy,FreshFarm Milk 2 L,/product-icons/generated/dairy-milk-0010.webp,"dairy,milk,2-l,freshfarm"
11,dairy-milk-0011,dairy,FreshFarm Milk Pack of 2,/product-icons/generated/dairy-milk-0011.webp,"dairy,milk,pack-of-2,freshfarm"
12,dairy-milk-0012,dairy,FreshFarm Milk Pack of 4,/product-icons/generated/dairy-milk-0012.webp,"dairy,milk,pack-of-4,freshfarm"
13,dairy-milk-0013,dairy,FreshFarm Milk Pack of 6,/product-icons/generated/dairy-milk-0013.webp,"dairy,milk,pack-of-6,freshfarm"
14,dairy-milk-0014,dairy,FreshFarm Milk Family Pack,/product-icons/generated/dairy-milk-0014.webp,"dairy,milk,family-pack,freshfarm"
15,dairy-milk-0015,dairy,FreshFarm Milk Mini,/product-icons/generated/dairy-milk-0015.webp,"dairy,milk,mini,freshfarm"
16,dairy-milk-0016,dairy,FreshFarm Milk Regular,/product-icons/generated/dairy-milk-0016.webp,"dairy,milk,regular,freshfarm"
17,dairy-milk-0017,dairy,FreshFarm Milk Premium,/product-icons/generated/dairy-milk-0017.webp,"dairy,milk,premium,freshfarm"
18,dairy-milk-0018,dairy,FreshFarm Milk Value,/product-icons/generated/dairy-milk-0018.webp,"dairy,milk,value,freshfarm"
19,dairy-milk-0019,dairy,DailyChoice Milk 100 g,/product-icons/generated/dairy-milk-0019.webp,"dairy,milk,100-g,dailychoice"
20,dairy-milk-0020,dairy,DailyChoice Milk 200 g,/product-icons/generated/dairy-milk-0020.webp,"dairy,milk,200-g,dailychoice"
21,dairy-milk-0021,dairy,DailyChoice Milk 250 g,/product-icons/generated/dairy-milk-0021.webp,"dairy,milk,250-g,dailychoice"
22,dairy-milk-0022,dairy,DailyChoice Milk 500 g,/product-icons/generated/dairy-milk-0022.webp,"dairy,milk,500-g,dailychoice"
23,dairy-milk-0023,dairy,DailyChoice Milk 1 kg,/product-icons/generated/dairy-milk-0023.webp,"dairy,milk,1-kg,dailychoice"
24,dairy-milk-0024,dairy,DailyChoice Milk 100 ml,/product-icons/generated/dairy-milk-0024.webp,"dairy,milk,100-ml,dailychoice"
25,dairy-milk-0025,dairy,DailyChoice Milk 200 ml,/product-icons/generated/dairy-milk-0025.webp,"dairy,milk,200-ml,dailychoice"
26,dairy-milk-0026,dairy,DailyChoice Milk 500 ml,/product-icons/generated/dairy-milk-0026.webp,"dairy,milk,500-ml,dailychoice"
27,dairy-milk-0027,dairy,DailyChoice Milk 1 L,/product-icons/generated/dairy-milk-0027.webp,"dairy,milk,1-l,dailychoice"
28,dairy-milk-0028,dairy,DailyChoice Milk 2 L,/product-icons/generated/dairy-milk-0028.webp,"dairy,milk,2-l,dailychoice"
29,dairy-milk-0029,dairy,DailyChoice Milk Pack of 2,/product-icons/generated/dairy-milk-0029.webp,"dairy,milk,pack-of-2,dailychoice"
30,dairy-milk-0030,dairy,DailyChoice Milk Pack of 4,/product-icons/generated/dairy-milk-0030.webp,"dairy,milk,pack-of-4,dailychoice"
31,dairy-milk-0031,dairy,DailyChoice Milk Pack of 6,/product-icons/generated/dairy-milk-0031.webp,"dairy,milk,pack-of-6,dailychoice"
32,dairy-milk-0032,dairy,DailyChoice Milk Family Pack,/product-icons/generated/dairy-milk-0032.webp,"dairy,milk,family-pack,dailychoice"
33,dairy-milk-0033,dairy,DailyChoice Milk Mini,/product-icons/generated/dairy-milk-0033.webp,"dairy,milk,mini,dailychoice"
34,dairy-milk-0034,dairy,DailyChoice Milk Regular,/product-icons/generated/dairy-milk-0034.webp,"dairy,milk,regular,dailychoice"
35,dairy-milk-0035,dairy,DailyChoice Milk Premium,/product-icons/generated/dairy-milk-0035.webp,"dairy,milk,premium,dailychoice"
36,dairy-milk-0036,dairy,DailyChoice Milk Value,/product-icons/generated/dairy-milk-0036.webp,"dairy,milk,value,dailychoice"
37,dairy-milk-0037,dairy,QuickMart Milk 100 g,/product-icons/generated/dairy-milk-0037.webp,"dairy,milk,100-g,quickmart"
38,dairy-milk-0038,dairy,QuickMart Milk 200 g,/product-icons/generated/dairy-milk-0038.webp,"dairy,milk,200-g,quickmart"
39,dairy-milk-0039,dairy,QuickMart Milk 250 g,/product-icons/generated/dairy-milk-0039.webp,"dairy,milk,250-g,quickmart"
40,dairy-milk-0040,dairy,QuickMart Milk 500 g,/product-icons/generated/dairy-milk-0040.webp,"dairy,milk,500-g,quickmart"
41,dairy-milk-0041,dairy,QuickMart Milk 1 kg,/product-icons/generated/dairy-milk-0041.webp,"dairy,milk,1-kg,quickmart"
42,dairy-milk-0042,dairy,QuickMart Milk 100 ml,/product-icons/generated/dairy-milk-0042.webp,"dairy,milk,100-ml,quickmart"
43,dairy-milk-0043,dairy,QuickMart Milk 200 ml,/product-icons/generated/dairy-milk-0043.webp,"dairy,milk,200-ml,quickmart"
44,dairy-milk-0044,dairy,QuickMart Milk 500 ml,/product-icons/generated/dairy-milk-0044.webp,"dairy,milk,500-ml,quickmart"
45,dairy-milk-0045,dairy,QuickMart Milk 1 L,/product-icons/generated/dairy-milk-0045.webp,"dairy,milk,1-l,quickmart"
46,dairy-milk-0046,dairy,QuickMart Milk 2 L,/product-icons/generated/dairy-milk-0046.webp,"dairy,milk,2-l,quickmart"
47,dairy-milk-0047,dairy,QuickMart Milk Pack of 2,/product-icons/generated/dairy-milk-0047.webp,"dairy,milk,pack-of-2,quickmart"
48,dairy-milk-0048,dairy,QuickMart Milk Pack of 4,/product-icons/generated/dairy-milk-0048.webp,"dairy,milk,pack-of-4,quickmart"
49,dairy-milk-0049,dairy,QuickMart Milk Pack of 6,/product-icons/generated/dairy-milk-0049.webp,"dairy,milk,pack-of-6,quickmart"
50,dairy-milk-0050,dairy,QuickMart Milk Family Pack,/product-icons/generated/dairy-milk-0050.webp,"dairy,milk,family-pack,quickmart"
51,dairy-milk-0051,dairy,QuickMart Milk Mini,/product-icons/generated/dairy-milk-0051.webp,"dairy,milk,mini,quickmart"
52,dairy-milk-0052,dairy,QuickMart Milk Regular,/product-icons/generated/dairy-milk-0052.webp,"dairy,milk,regular,quickmart"
53,dairy-milk-0053,dairy,QuickMart Milk Premium,/product-icons/generated/dairy-milk-0053.webp,"dairy,milk,premium,quickmart"
54,dairy-milk-0054,dairy,QuickMart Milk Value,/product-icons/generated/dairy-milk-0054.webp,"dairy,milk,value,quickmart"
55,dairy-milk-0055,dairy,SmartBuy Milk 100 g,/product-icons/generated/dairy-milk-0055.webp,"dairy,milk,100-g,smartbuy"
56,dairy-milk-0056,dairy,SmartBuy Milk 200 g,/product-icons/generated/dairy-milk-0056.webp,"dairy,milk,200-g,smartbuy"
57,dairy-milk-0057,dairy,SmartBuy Milk 250 g,/product-icons/generated/dairy-milk-0057.webp,"dairy,milk,250-g,smartbuy"
58,dairy-milk-0058,dairy,SmartBuy Milk 500 g,/product-icons/generated/dairy-milk-0058.webp,"dairy,milk,500-g,smartbuy"
59,dairy-milk-0059,dairy,SmartBuy Milk 1 kg,/product-icons/generated/dairy-milk-0059.webp,"dairy,milk,1-kg,smartbuy"
60,dairy-milk-0060,dairy,SmartBuy Milk 100 ml,/product-icons/generated/dairy-milk-0060.webp,"dairy,milk,100-ml,smartbuy"
61,dairy-milk-0061,dairy,SmartBuy Milk 200 ml,/product-icons/generated/dairy-milk-0061.webp,"dairy,milk,200-ml,smartbuy"
62,dairy-milk-0062,dairy,SmartBuy Milk 500 ml,/product-icons/generated/dairy-milk-0062.webp,"dairy,milk,500-ml,smartbuy"
63,dairy-milk-0063,dairy,SmartBuy Milk 1 L,/product-icons/generated/dairy-milk-0063.webp,"dairy,milk,1-l,smartbuy"
64,dairy-milk-0064,dairy,SmartBuy Milk 2 L,/product-icons/generated/dairy-milk-0064.webp,"dairy,milk,2-l,smartbuy"
65,dairy-milk-0065,dairy,SmartBuy Milk Pack of 2,/product-icons/generated/dairy-milk-0065.webp,"dairy,milk,pack-of-2,smartbuy"
66,dairy-milk-0066,dairy,SmartBuy Milk Pack of 4,/product-icons/generated/dairy-milk-0066.webp,"dairy,milk,pack-of-4,smartbuy"
67,dairy-milk-0067,dairy,SmartBuy Milk Pack of 6,/product-icons/generated/dairy-milk-0067.webp,"dairy,milk,pack-of-6,smartbuy"
68,dairy-milk-0068,dairy,SmartBuy Milk Family Pack,/product-icons/generated/dairy-milk-0068.webp,"dairy,milk,family-pack,smartbuy"
69,dairy-milk-0069,dairy,SmartBuy Milk Mini,/product-icons/generated/dairy-milk-0069.webp,"dairy,milk,mini,smartbuy"
70,dairy-milk-0070,dairy,SmartBuy Milk Regular,/product-icons/generated/dairy-milk-0070.webp,"dairy,milk,regular,smartbuy"
71,dairy-milk-0071,dairy,SmartBuy Milk Premium,/product-icons/generated/dairy-milk-0071.webp,"dairy,milk,premium,smartbuy"
72,dairy-milk-0072,dairy,SmartBuy Milk Value,/product-icons/generated/dairy-milk-0072.webp,"dairy,milk,value,smartbuy"
73,dairy-milk-0073,dairy,HomeSelect Milk 100 g,/product-icons/generated/dairy-milk-0073.webp,"dairy,milk,100-g,homeselect"
74,dairy-milk-0074,dairy,HomeSelect Milk 200 g,/product-icons/generated/dairy-milk-0074.webp,"dairy,milk,200-g,homeselect"
75,dairy-milk-0075,dairy,HomeSelect Milk 250 g,/product-icons/generated/dairy-milk-0075.webp,"dairy,milk,250-g,homeselect"
76,dairy-milk-0076,dairy,HomeSelect Milk 500 g,/product-icons/generated/dairy-milk-0076.webp,"dairy,milk,500-g,homeselect"
77,dairy-milk-0077,dairy,HomeSelect Milk 1 kg,/product-icons/generated/dairy-milk-0077.webp,"dairy,milk,1-kg,homeselect"
78,dairy-milk-0078,dairy,HomeSelect Milk 100 ml,/product-icons/generated/dairy-milk-0078.webp,"dairy,milk,100-ml,homeselect"
79,dairy-milk-0079,dairy,HomeSelect Milk 200 ml,/product-icons/generated/dairy-milk-0079.webp,"dairy,milk,200-ml,homeselect"
80,dairy-milk-0080,dairy,HomeSelect Milk 500 ml,/product-icons/generated/dairy-milk-0080.webp,"dairy,milk,500-ml,homeselect"
81,dairy-milk-0081,dairy,HomeSelect Milk 1 L,/product-icons/generated/dairy-milk-0081.webp,"dairy,milk,1-l,homeselect"
82,dairy-milk-0082,dairy,HomeSelect Milk 2 L,/product-icons/generated/dairy-milk-0082.webp,"dairy,milk,2-l,homeselect"
83,dairy-milk-0083,dairy,HomeSelect Milk Pack of 2,/product-icons/generated/dairy-milk-0083.webp,"dairy,milk,pack-of-2,homeselect"
84,dairy-milk-0084,dairy,HomeSelect Milk Pack of 4,/product-icons/generated/dairy-milk-0084.webp,"dairy,milk,pack-of-4,homeselect"
85,dairy-milk-0085,dairy,HomeSelect Milk Pack of 6,/product-icons/generated/dairy-milk-0085.webp,"dairy,milk,pack-of-6,homeselect"
86,dairy-milk-0086,dairy,HomeSelect Milk Family Pack,/product-icons/generated/dairy-milk-0086.webp,"dairy,milk,family-pack,homeselect"
87,dairy-milk-0087,dairy,HomeSelect Milk Mini,/product-icons/generated/dairy-milk-0087.webp,"dairy,milk,mini,homeselect"
88,dairy-milk-0088,dairy,HomeSelect Milk Regular,/product-icons/generated/dairy-milk-0088.webp,"dairy,milk,regular,homeselect"
89,dairy-milk-0089,dairy,HomeSelect Milk Premium,/product-icons/generated/dairy-milk-0089.webp,"dairy,milk,premium,homeselect"
90,dairy-milk-0090,dairy,HomeSelect Milk Value,/product-icons/generated/dairy-milk-0090.webp,"dairy,milk,value,homeselect"
91,dairy-milk-0091,dairy,PrimeValue Milk 100 g,/product-icons/generated/dairy-milk-0091.webp,"dairy,milk,100-g,primevalue"
92,dairy-milk-0092,dairy,PrimeValue Milk 200 g,/product-icons/generated/dairy-milk-0092.webp,"dairy,milk,200-g,primevalue"
93,dairy-milk-0093,dairy,PrimeValue Milk 250 g,/product-icons/generated/dairy-milk-0093.webp,"dairy,milk,250-g,primevalue"
94,dairy-milk-0094,dairy,PrimeValue Milk 500 g,/product-icons/generated/dairy-milk-0094.webp,"dairy,milk,500-g,primevalue"
95,dairy-milk-0095,dairy,PrimeValue Milk 1 kg,/product-icons/generated/dairy-milk-0095.webp,"dairy,milk,1-kg,primevalue"
96,dairy-milk-0096,dairy,PrimeValue Milk 100 ml,/product-icons/generated/dairy-milk-0096.webp,"dairy,milk,100-ml,primevalue"
97,dairy-milk-0097,dairy,PrimeValue Milk 200 ml,/product-icons/generated/dairy-milk-0097.webp,"dairy,milk,200-ml,primevalue"
98,dairy-milk-0098,dairy,PrimeValue Milk 500 ml,/product-icons/generated/dairy-milk-0098.webp,"dairy,milk,500-ml,primevalue"
99,dairy-milk-0099,dairy,PrimeValue Milk 1 L,/product-icons/generated/dairy-milk-0099.webp,"dairy,milk,1-l,primevalue"
100,dairy-milk-0100,dairy,PrimeValue Milk 2 L,/product-icons/generated/dairy-milk-0100.webp,"dairy,milk,2-l,primevalue"
101,dairy-milk-0101,dairy,PrimeValue Milk Pack of 2,/product-icons/generated/dairy-milk-0101.webp,"dairy,milk,pack-of-2,primevalue"
102,dairy-milk-0102,dairy,PrimeValue Milk Pack of 4,/product-icons/generated/dairy-milk-0102.webp,"dairy,milk,pack-of-4,primevalue"
103,dairy-milk-0103,dairy,PrimeValue Milk Pack of 6,/product-icons/generated/dairy-milk-0103.webp,"dairy,milk,pack-of-6,primevalue"
104,dairy-milk-0104,dairy,PrimeValue Milk Family Pack,/product-icons/generated/dairy-milk-0104.webp,"dairy,milk,family-pack,primevalue"
105,dairy-milk-0105,dairy,PrimeValue Milk Mini,/product-icons/generated/dairy-milk-0105.webp,"dairy,milk,mini,primevalue"
106,dairy-milk-0106,dairy,PrimeValue Milk Regular,/product-icons/generated/dairy-milk-0106.webp,"dairy,milk,regular,primevalue"
107,dairy-milk-0107,dairy,PrimeValue Milk Premium,/product-icons/generated/dairy-milk-0107.webp,"dairy,milk,premium,primevalue"
108,dairy-milk-0108,dairy,PrimeValue Milk Value,/product-icons/generated/dairy-milk-0108.webp,"dairy,milk,value,primevalue"
109,dairy-milk-0109,dairy,StoreBest Milk 100 g,/product-icons/generated/dairy-milk-0109.webp,"dairy,milk,100-g,storebest"
110,dairy-milk-0110,dairy,StoreBest Milk 200 g,/product-icons/generated/dairy-milk-0110.webp,"dairy,milk,200-g,storebest"
111,dairy-milk-0111,dairy,StoreBest Milk 250 g,/product-icons/generated/dairy-milk-0111.webp,"dairy,milk,250-g,storebest"
112,dairy-milk-0112,dairy,StoreBest Milk 500 g,/product-icons/generated/dairy-milk-0112.webp,"dairy,milk,500-g,storebest"
113,dairy-milk-0113,dairy,StoreBest Milk 1 kg,/product-icons/generated/dairy-milk-0113.webp,"dairy,milk,1-kg,storebest"
114,dairy-milk-0114,dairy,StoreBest Milk 100 ml,/product-icons/generated/dairy-milk-0114.webp,"dairy,milk,100-ml,storebest"
115,dairy-milk-0115,dairy,StoreBest Milk 200 ml,/product-icons/generated/dairy-milk-0115.webp,"dairy,milk,200-ml,storebest"
116,dairy-milk-0116,dairy,StoreBest Milk 500 ml,/product-icons/generated/dairy-milk-0116.webp,"dairy,milk,500-ml,storebest"
117,dairy-milk-0117,dairy,StoreBest Milk 1 L,/product-icons/generated/dairy-milk-0117.webp,"dairy,milk,1-l,storebest"
118,dairy-milk-0118,dairy,StoreBest Milk 2 L,/product-icons/generated/dairy-milk-0118.webp,"dairy,milk,2-l,storebest"
119,dairy-milk-0119,dairy,StoreBest Milk Pack of 2,/product-icons/generated/dairy-milk-0119.webp,"dairy,milk,pack-of-2,storebest"
120,dairy-milk-0120,dairy,StoreBest Milk Pack of 4,/product-icons/generated/dairy-milk-0120.webp,"dairy,milk,pack-of-4,storebest"
121,dairy-milk-0121,dairy,StoreBest Milk Pack of 6,/product-icons/generated/dairy-milk-0121.webp,"dairy,milk,pack-of-6,storebest"
122,dairy-milk-0122,dairy,StoreBest Milk Family Pack,/product-icons/generated/dairy-milk-0122.webp,"dairy,milk,family-pack,storebest"
123,dairy-milk-0123,dairy,StoreBest Milk Mini,/product-icons/generated/dairy-milk-0123.webp,"dairy,milk,mini,storebest"
124,dairy-milk-0124,dairy,StoreBest Milk Regular,/product-icons/generated/dairy-milk-0124.webp,"dairy,milk,regular,storebest"
125,dairy-milk-0125,dairy,StoreBest Milk Premium,/product-icons/generated/dairy-milk-0125.webp,"dairy,milk,premium,storebest"
126,dairy-milk-0126,dairy,StoreBest Milk Value,/product-icons/generated/dairy-milk-0126.webp,"dairy,milk,value,storebest"
127,dairy-milk-0127,dairy,GoodLife Milk 100 g,/product-icons/generated/dairy-milk-0127.webp,"dairy,milk,100-g,goodlife"
128,dairy-milk-0128,dairy,GoodLife Milk 200 g,/product-icons/generated/dairy-milk-0128.webp,"dairy,milk,200-g,goodlife"
129,dairy-milk-0129,dairy,GoodLife Milk 250 g,/product-icons/generated/dairy-milk-0129.webp,"dairy,milk,250-g,goodlife"
130,dairy-milk-0130,dairy,GoodLife Milk 500 g,/product-icons/generated/dairy-milk-0130.webp,"dairy,milk,500-g,goodlife"
131,dairy-milk-0131,dairy,GoodLife Milk 1 kg,/product-icons/generated/dairy-milk-0131.webp,"dairy,milk,1-kg,goodlife"
132,dairy-milk-0132,dairy,GoodLife Milk 100 ml,/product-icons/generated/dairy-milk-0132.webp,"dairy,milk,100-ml,goodlife"
133,dairy-milk-0133,dairy,GoodLife Milk 200 ml,/product-icons/generated/dairy-milk-0133.webp,"dairy,milk,200-ml,goodlife"
134,dairy-milk-0134,dairy,GoodLife Milk 500 ml,/product-icons/generated/dairy-milk-0134.webp,"dairy,milk,500-ml,goodlife"
135,dairy-milk-0135,dairy,GoodLife Milk 1 L,/product-icons/generated/dairy-milk-0135.webp,"dairy,milk,1-l,goodlife"
136,dairy-milk-0136,dairy,GoodLife Milk 2 L,/product-icons/generated/dairy-milk-0136.webp,"dairy,milk,2-l,goodlife"
137,dairy-milk-0137,dairy,GoodLife Milk Pack of 2,/product-icons/generated/dairy-milk-0137.webp,"dairy,milk,pack-of-2,goodlife"
138,dairy-milk-0138,dairy,GoodLife Milk Pack of 4,/product-icons/generated/dairy-milk-0138.webp,"dairy,milk,pack-of-4,goodlife"
139,dairy-milk-0139,dairy,GoodLife Milk Pack of 6,/product-icons/generated/dairy-milk-0139.webp,"dairy,milk,pack-of-6,goodlife"
140,dairy-milk-0140,dairy,GoodLife Milk Family Pack,/product-icons/generated/dairy-milk-0140.webp,"dairy,milk,family-pack,goodlife"
141,dairy-milk-0141,dairy,GoodLife Milk Mini,/product-icons/generated/dairy-milk-0141.webp,"dairy,milk,mini,goodlife"
142,dairy-milk-0142,dairy,GoodLife Milk Regular,/product-icons/generated/dairy-milk-0142.webp,"dairy,milk,regular,goodlife"
143,dairy-milk-0143,dairy,GoodLife Milk Premium,/product-icons/generated/dairy-milk-0143.webp,"dairy,milk,premium,goodlife"
144,dairy-milk-0144,dairy,GoodLife Milk Value,/product-icons/generated/dairy-milk-0144.webp,"dairy,milk,value,goodlife"
145,dairy-milk-0145,dairy,CityFresh Milk 100 g,/product-icons/generated/dairy-milk-0145.webp,"dairy,milk,100-g,cityfresh"
146,dairy-milk-0146,dairy,CityFresh Milk 200 g,/product-icons/generated/dairy-milk-0146.webp,"dairy,milk,200-g,cityfresh"
147,dairy-milk-0147,dairy,CityFresh Milk 250 g,/product-icons/generated/dairy-milk-0147.webp,"dairy,milk,250-g,cityfresh"
148,dairy-milk-0148,dairy,CityFresh Milk 500 g,/product-icons/generated/dairy-milk-0148.webp,"dairy,milk,500-g,cityfresh"
149,dairy-milk-0149,dairy,CityFresh Milk 1 kg,/product-icons/generated/dairy-milk-0149.webp,"dairy,milk,1-kg,cityfresh"
150,dairy-milk-0150,dairy,CityFresh Milk 100 ml,/product-icons/generated/dairy-milk-0150.webp,"dairy,milk,100-ml,cityfresh"
151,dairy-milk-0151,dairy,CityFresh Milk 200 ml,/product-icons/generated/dairy-milk-0151.webp,"dairy,milk,200-ml,cityfresh"
152,dairy-milk-0152,dairy,CityFresh Milk 500 ml,/product-icons/generated/dairy-milk-0152.webp,"dairy,milk,500-ml,cityfresh"
153,dairy-milk-0153,dairy,CityFresh Milk 1 L,/product-icons/generated/dairy-milk-0153.webp,"dairy,milk,1-l,cityfresh"
154,dairy-milk-0154,dairy,CityFresh Milk 2 L,/product-icons/generated/dairy-milk-0154.webp,"dairy,milk,2-l,cityfresh"
155,dairy-milk-0155,dairy,CityFresh Milk Pack of 2,/product-icons/generated/dairy-milk-0155.webp,"dairy,milk,pack-of-2,cityfresh"
156,dairy-milk-0156,dairy,CityFresh Milk Pack of 4,/product-icons/generated/dairy-milk-0156.webp,"dairy,milk,pack-of-4,cityfresh"
157,dairy-milk-0157,dairy,CityFresh Milk Pack of 6,/product-icons/generated/dairy-milk-0157.webp,"dairy,milk,pack-of-6,cityfresh"
158,dairy-milk-0158,dairy,CityFresh Milk Family Pack,/product-icons/generated/dairy-milk-0158.webp,"dairy,milk,family-pack,cityfresh"
159,dairy-milk-0159,dairy,CityFresh Milk Mini,/product-icons/generated/dairy-milk-0159.webp,"dairy,milk,mini,cityfresh"
160,dairy-milk-0160,dairy,CityFresh Milk Regular,/product-icons/generated/dairy-milk-0160.webp,"dairy,milk,regular,cityfresh"
161,dairy-milk-0161,dairy,CityFresh Milk Premium,/product-icons/generated/dairy-milk-0161.webp,"dairy,milk,premium,cityfresh"
162,dairy-milk-0162,dairy,CityFresh Milk Value,/product-icons/generated/dairy-milk-0162.webp,"dairy,milk,value,cityfresh"
163,dairy-milk-0163,dairy,Classic Milk 100 g,/product-icons/generated/dairy-milk-0163.webp,"dairy,milk,100-g,classic"
164,dairy-milk-0164,dairy,Classic Milk 200 g,/product-icons/generated/dairy-milk-0164.webp,"dairy,milk,200-g,classic"
165,dairy-milk-0165,dairy,Classic Milk 250 g,/product-icons/generated/dairy-milk-0165.webp,"dairy,milk,250-g,classic"
166,dairy-milk-0166,dairy,Classic Milk 500 g,/product-icons/generated/dairy-milk-0166.webp,"dairy,milk,500-g,classic"
167,dairy-milk-0167,dairy,Classic Milk 1 kg,/product-icons/generated/dairy-milk-0167.webp,"dairy,milk,1-kg,classic"
168,dairy-milk-0168,dairy,Classic Milk 100 ml,/product-icons/generated/dairy-milk-0168.webp,"dairy,milk,100-ml,classic"
169,dairy-milk-0169,dairy,Classic Milk 200 ml,/product-icons/generated/dairy-milk-0169.webp,"dairy,milk,200-ml,classic"
170,dairy-milk-0170,dairy,Classic Milk 500 ml,/product-icons/generated/dairy-milk-0170.webp,"dairy,milk,500-ml,classic"
171,dairy-milk-0171,dairy,Classic Milk 1 L,/product-icons/generated/dairy-milk-0171.webp,"dairy,milk,1-l,classic"
172,dairy-milk-0172,dairy,Classic Milk 2 L,/product-icons/generated/dairy-milk-0172.webp,"dairy,milk,2-l,classic"
173,dairy-milk-0173,dairy,Classic Milk Pack of 2,/product-icons/generated/dairy-milk-0173.webp,"dairy,milk,pack-of-2,classic"
174,dairy-milk-0174,dairy,Classic Milk Pack of 4,/product-icons/generated/dairy-milk-0174.webp,"dairy,milk,pack-of-4,classic"
175,dairy-milk-0175,dairy,Classic Milk Pack of 6,/product-icons/generated/dairy-milk-0175.webp,"dairy,milk,pack-of-6,classic"
176,dairy-milk-0176,dairy,Classic Milk Family Pack,/product-icons/generated/dairy-milk-0176.webp,"dairy,milk,family-pack,classic"
177,dairy-milk-0177,dairy,Classic Milk Mini,/product-icons/generated/dairy-milk-0177.webp,"dairy,milk,mini,classic"
178,dairy-milk-0178,dairy,Classic Milk Regular,/product-icons/generated/dairy-milk-0178.webp,"dairy,milk,regular,classic"
179,dairy-milk-0179,dairy,Classic Milk Premium,/product-icons/generated/dairy-milk-0179.webp,"dairy,milk,premium,classic"
180,dairy-milk-0180,dairy,Classic Milk Value,/product-icons/generated/dairy-milk-0180.webp,"dairy,milk,value,classic"
181,dairy-curd-0181,dairy,FreshFarm Curd 100 g,/product-icons/generated/dairy-curd-0181.webp,"dairy,curd,100-g,freshfarm"
182,dairy-curd-0182,dairy,FreshFarm Curd 200 g,/product-icons/generated/dairy-curd-0182.webp,"dairy,curd,200-g,freshfarm"
183,dairy-curd-0183,dairy,FreshFarm Curd 250 g,/product-icons/generated/dairy-curd-0183.webp,"dairy,curd,250-g,freshfarm"
184,dairy-curd-0184,dairy,FreshFarm Curd 500 g,/product-icons/generated/dairy-curd-0184.webp,"dairy,curd,500-g,freshfarm"
185,dairy-curd-0185,dairy,FreshFarm Curd 1 kg,/product-icons/generated/dairy-curd-0185.webp,"dairy,curd,1-kg,freshfarm"
186,dairy-curd-0186,dairy,FreshFarm Curd 100 ml,/product-icons/generated/dairy-curd-0186.webp,"dairy,curd,100-ml,freshfarm"
187,dairy-curd-0187,dairy,FreshFarm Curd 200 ml,/product-icons/generated/dairy-curd-0187.webp,"dairy,curd,200-ml,freshfarm"
188,dairy-curd-0188,dairy,FreshFarm Curd 500 ml,/product-icons/generated/dairy-curd-0188.webp,"dairy,curd,500-ml,freshfarm"
189,dairy-curd-0189,dairy,FreshFarm Curd 1 L,/product-icons/generated/dairy-curd-0189.webp,"dairy,curd,1-l,freshfarm"
190,dairy-curd-0190,dairy,FreshFarm Curd 2 L,/product-icons/generated/dairy-curd-0190.webp,"dairy,curd,2-l,freshfarm"
191,dairy-curd-0191,dairy,FreshFarm Curd Pack of 2,/product-icons/generated/dairy-curd-0191.webp,"dairy,curd,pack-of-2,freshfarm"
192,dairy-curd-0192,dairy,FreshFarm Curd Pack of 4,/product-icons/generated/dairy-curd-0192.webp,"dairy,curd,pack-of-4,freshfarm"
193,dairy-curd-0193,dairy,FreshFarm Curd Pack of 6,/product-icons/generated/dairy-curd-0193.webp,"dairy,curd,pack-of-6,freshfarm"
194,dairy-curd-0194,dairy,FreshFarm Curd Family Pack,/product-icons/generated/dairy-curd-0194.webp,"dairy,curd,family-pack,freshfarm"
195,dairy-curd-0195,dairy,FreshFarm Curd Mini,/product-icons/generated/dairy-curd-0195.webp,"dairy,curd,mini,freshfarm"
196,dairy-curd-0196,dairy,FreshFarm Curd Regular,/product-icons/generated/dairy-curd-0196.webp,"dairy,curd,regular,freshfarm"
197,dairy-curd-0197,dairy,FreshFarm Curd Premium,/product-icons/generated/dairy-curd-0197.webp,"dairy,curd,premium,freshfarm"
198,dairy-curd-0198,dairy,FreshFarm Curd Value,/product-icons/generated/dairy-curd-0198.webp,"dairy,curd,value,freshfarm"
199,dairy-curd-0199,dairy,DailyChoice Curd 100 g,/product-icons/generated/dairy-curd-0199.webp,"dairy,curd,100-g,dailychoice"
200,dairy-curd-0200,dairy,DailyChoice Curd 200 g,/product-icons/generated/dairy-curd-0200.webp,"dairy,curd,200-g,dailychoice"
201,dairy-curd-0201,dairy,DailyChoice Curd 250 g,/product-icons/generated/dairy-curd-0201.webp,"dairy,curd,250-g,dailychoice"
202,dairy-curd-0202,dairy,DailyChoice Curd 500 g,/product-icons/generated/dairy-curd-0202.webp,"dairy,curd,500-g,dailychoice"
203,dairy-curd-0203,dairy,DailyChoice Curd 1 kg,/product-icons/generated/dairy-curd-0203.webp,"dairy,curd,1-kg,dailychoice"
204,dairy-curd-0204,dairy,DailyChoice Curd 100 ml,/product-icons/generated/dairy-curd-0204.webp,"dairy,curd,100-ml,dailychoice"
205,dairy-curd-0205,dairy,DailyChoice Curd 200 ml,/product-icons/generated/dairy-curd-0205.webp,"dairy,curd,200-ml,dailychoice"
206,dairy-curd-0206,dairy,DailyChoice Curd 500 ml,/product-icons/generated/dairy-curd-0206.webp,"dairy,curd,500-ml,dailychoice"
207,dairy-curd-0207,dairy,DailyChoice Curd 1 L,/product-icons/generated/dairy-curd-0207.webp,"dairy,curd,1-l,dailychoice"
208,dairy-curd-0208,dairy,DailyChoice Curd 2 L,/product-icons/generated/dairy-curd-0208.webp,"dairy,curd,2-l,dailychoice"
209,dairy-curd-0209,dairy,DailyChoice Curd Pack of 2,/product-icons/generated/dairy-curd-0209.webp,"dairy,curd,pack-of-2,dailychoice"
210,dairy-curd-0210,dairy,DailyChoice Curd Pack of 4,/product-icons/generated/dairy-curd-0210.webp,"dairy,curd,pack-of-4,dailychoice"
211,dairy-curd-0211,dairy,DailyChoice Curd Pack of 6,/product-icons/generated/dairy-curd-0211.webp,"dairy,curd,pack-of-6,dailychoice"
212,dairy-curd-0212,dairy,DailyChoice Curd Family Pack,/product-icons/generated/dairy-curd-0212.webp,"dairy,curd,family-pack,dailychoice"
213,dairy-curd-0213,dairy,DailyChoice Curd Mini,/product-icons/generated/dairy-curd-0213.webp,"dairy,curd,mini,dailychoice"
214,dairy-curd-0214,dairy,DailyChoice Curd Regular,/product-icons/generated/dairy-curd-0214.webp,"dairy,curd,regular,dailychoice"
215,dairy-curd-0215,dairy,DailyChoice Curd Premium,/product-icons/generated/dairy-curd-0215.webp,"dairy,curd,premium,dailychoice"
216,dairy-curd-0216,dairy,DailyChoice Curd Value,/product-icons/generated/dairy-curd-0216.webp,"dairy,curd,value,dailychoice"
217,dairy-curd-0217,dairy,QuickMart Curd 100 g,/product-icons/generated/dairy-curd-0217.webp,"dairy,curd,100-g,quickmart"
218,dairy-curd-0218,dairy,QuickMart Curd 200 g,/product-icons/generated/dairy-curd-0218.webp,"dairy,curd,200-g,quickmart"
219,dairy-curd-0219,dairy,QuickMart Curd 250 g,/product-icons/generated/dairy-curd-0219.webp,"dairy,curd,250-g,quickmart"
220,dairy-curd-0220,dairy,QuickMart Curd 500 g,/product-icons/generated/dairy-curd-0220.webp,"dairy,curd,500-g,quickmart"
221,dairy-curd-0221,dairy,QuickMart Curd 1 kg,/product-icons/generated/dairy-curd-0221.webp,"dairy,curd,1-kg,quickmart"
222,dairy-curd-0222,dairy,QuickMart Curd 100 ml,/product-icons/generated/dairy-curd-0222.webp,"dairy,curd,100-ml,quickmart"
223,dairy-curd-0223,dairy,QuickMart Curd 200 ml,/product-icons/generated/dairy-curd-0223.webp,"dairy,curd,200-ml,quickmart"
224,dairy-curd-0224,dairy,QuickMart Curd 500 ml,/product-icons/generated/dairy-curd-0224.webp,"dairy,curd,500-ml,quickmart"
225,dairy-curd-0225,dairy,QuickMart Curd 1 L,/product-icons/generated/dairy-curd-0225.webp,"dairy,curd,1-l,quickmart"
226,dairy-curd-0226,dairy,QuickMart Curd 2 L,/product-icons/generated/dairy-curd-0226.webp,"dairy,curd,2-l,quickmart"
227,dairy-curd-0227,dairy,QuickMart Curd Pack of 2,/product-icons/generated/dairy-curd-0227.webp,"dairy,curd,pack-of-2,quickmart"
228,dairy-curd-0228,dairy,QuickMart Curd Pack of 4,/product-icons/generated/dairy-curd-0228.webp,"dairy,curd,pack-of-4,quickmart"
229,dairy-curd-0229,dairy,QuickMart Curd Pack of 6,/product-icons/generated/dairy-curd-0229.webp,"dairy,curd,pack-of-6,quickmart"
230,dairy-curd-0230,dairy,QuickMart Curd Family Pack,/product-icons/generated/dairy-curd-0230.webp,"dairy,curd,family-pack,quickmart"
231,dairy-curd-0231,dairy,QuickMart Curd Mini,/product-icons/generated/dairy-curd-0231.webp,"dairy,curd,mini,quickmart"
232,dairy-curd-0232,dairy,QuickMart Curd Regular,/product-icons/generated/dairy-curd-0232.webp,"dairy,curd,regular,quickmart"
233,dairy-curd-0233,dairy,QuickMart Curd Premium,/product-icons/generated/dairy-curd-0233.webp,"dairy,curd,premium,quickmart"
234,dairy-curd-0234,dairy,QuickMart Curd Value,/product-icons/generated/dairy-curd-0234.webp,"dairy,curd,value,quickmart"
235,dairy-curd-0235,dairy,SmartBuy Curd 100 g,/product-icons/generated/dairy-curd-0235.webp,"dairy,curd,100-g,smartbuy"
236,dairy-curd-0236,dairy,SmartBuy Curd 200 g,/product-icons/generated/dairy-curd-0236.webp,"dairy,curd,200-g,smartbuy"
237,dairy-curd-0237,dairy,SmartBuy Curd 250 g,/product-icons/generated/dairy-curd-0237.webp,"dairy,curd,250-g,smartbuy"
238,dairy-curd-0238,dairy,SmartBuy Curd 500 g,/product-icons/generated/dairy-curd-0238.webp,"dairy,curd,500-g,smartbuy"
239,dairy-curd-0239,dairy,SmartBuy Curd 1 kg,/product-icons/generated/dairy-curd-0239.webp,"dairy,curd,1-kg,smartbuy"
240,dairy-curd-0240,dairy,SmartBuy Curd 100 ml,/product-icons/generated/dairy-curd-0240.webp,"dairy,curd,100-ml,smartbuy"
241,dairy-curd-0241,dairy,SmartBuy Curd 200 ml,/product-icons/generated/dairy-curd-0241.webp,"dairy,curd,200-ml,smartbuy"
242,dairy-curd-0242,dairy,SmartBuy Curd 500 ml,/product-icons/generated/dairy-curd-0242.webp,"dairy,curd,500-ml,smartbuy"
243,dairy-curd-0243,dairy,SmartBuy Curd 1 L,/product-icons/generated/dairy-curd-0243.webp,"dairy,curd,1-l,smartbuy"
244,dairy-curd-0244,dairy,SmartBuy Curd 2 L,/product-icons/generated/dairy-curd-0244.webp,"dairy,curd,2-l,smartbuy"
245,dairy-curd-0245,dairy,SmartBuy Curd Pack of 2,/product-icons/generated/dairy-curd-0245.webp,"dairy,curd,pack-of-2,smartbuy"
246,dairy-curd-0246,dairy,SmartBuy Curd Pack of 4,/product-icons/generated/dairy-curd-0246.webp,"dairy,curd,pack-of-4,smartbuy"
247,dairy-curd-0247,dairy,SmartBuy Curd Pack of 6,/product-icons/generated/dairy-curd-0247.webp,"dairy,curd,pack-of-6,smartbuy"
248,dairy-curd-0248,dairy,SmartBuy Curd Family Pack,/product-icons/generated/dairy-curd-0248.webp,"dairy,curd,family-pack,smartbuy"
249,dairy-curd-0249,dairy,SmartBuy Curd Mini,/product-icons/generated/dairy-curd-0249.webp,"dairy,curd,mini,smartbuy"
250,dairy-curd-0250,dairy,SmartBuy Curd Regular,/product-icons/generated/dairy-curd-0250.webp,"dairy,curd,regular,smartbuy"
251,dairy-curd-0251,dairy,SmartBuy Curd Premium,/product-icons/generated/dairy-curd-0251.webp,"dairy,curd,premium,smartbuy"
252,dairy-curd-0252,dairy,SmartBuy Curd Value,/product-icons/generated/dairy-curd-0252.webp,"dairy,curd,value,smartbuy"
253,dairy-curd-0253,dairy,HomeSelect Curd 100 g,/product-icons/generated/dairy-curd-0253.webp,"dairy,curd,100-g,homeselect"
254,dairy-curd-0254,dairy,HomeSelect Curd 200 g,/product-icons/generated/dairy-curd-0254.webp,"dairy,curd,200-g,homeselect"
255,dairy-curd-0255,dairy,HomeSelect Curd 250 g,/product-icons/generated/dairy-curd-0255.webp,"dairy,curd,250-g,homeselect"
256,dairy-curd-0256,dairy,HomeSelect Curd 500 g,/product-icons/generated/dairy-curd-0256.webp,"dairy,curd,500-g,homeselect"
257,dairy-curd-0257,dairy,HomeSelect Curd 1 kg,/product-icons/generated/dairy-curd-0257.webp,"dairy,curd,1-kg,homeselect"
258,dairy-curd-0258,dairy,HomeSelect Curd 100 ml,/product-icons/generated/dairy-curd-0258.webp,"dairy,curd,100-ml,homeselect"
259,dairy-curd-0259,dairy,HomeSelect Curd 200 ml,/product-icons/generated/dairy-curd-0259.webp,"dairy,curd,200-ml,homeselect"
260,dairy-curd-0260,dairy,HomeSelect Curd 500 ml,/product-icons/generated/dairy-curd-0260.webp,"dairy,curd,500-ml,homeselect"
261,dairy-curd-0261,dairy,HomeSelect Curd 1 L,/product-icons/generated/dairy-curd-0261.webp,"dairy,curd,1-l,homeselect"
262,dairy-curd-0262,dairy,HomeSelect Curd 2 L,/product-icons/generated/dairy-curd-0262.webp,"dairy,curd,2-l,homeselect"
263,dairy-curd-0263,dairy,HomeSelect Curd Pack of 2,/product-icons/generated/dairy-curd-0263.webp,"dairy,curd,pack-of-2,homeselect"
264,dairy-curd-0264,dairy,HomeSelect Curd Pack of 4,/product-icons/generated/dairy-curd-0264.webp,"dairy,curd,pack-of-4,homeselect"
265,dairy-curd-0265,dairy,HomeSelect Curd Pack of 6,/product-icons/generated/dairy-curd-0265.webp,"dairy,curd,pack-of-6,homeselect"
266,dairy-curd-0266,dairy,HomeSelect Curd Family Pack,/product-icons/generated/dairy-curd-0266.webp,"dairy,curd,family-pack,homeselect"
267,dairy-curd-0267,dairy,HomeSelect Curd Mini,/product-icons/generated/dairy-curd-0267.webp,"dairy,curd,mini,homeselect"
268,dairy-curd-0268,dairy,HomeSelect Curd Regular,/product-icons/generated/dairy-curd-0268.webp,"dairy,curd,regular,homeselect"
269,dairy-curd-0269,dairy,HomeSelect Curd Premium,/product-icons/generated/dairy-curd-0269.webp,"dairy,curd,premium,homeselect"
270,dairy-curd-0270,dairy,HomeSelect Curd Value,/product-icons/generated/dairy-curd-0270.webp,"dairy,curd,value,homeselect"
271,dairy-curd-0271,dairy,PrimeValue Curd 100 g,/product-icons/generated/dairy-curd-0271.webp,"dairy,curd,100-g,primevalue"
272,dairy-curd-0272,dairy,PrimeValue Curd 200 g,/product-icons/generated/dairy-curd-0272.webp,"dairy,curd,200-g,primevalue"
273,dairy-curd-0273,dairy,PrimeValue Curd 250 g,/product-icons/generated/dairy-curd-0273.webp,"dairy,curd,250-g,primevalue"
274,dairy-curd-0274,dairy,PrimeValue Curd 500 g,/product-icons/generated/dairy-curd-0274.webp,"dairy,curd,500-g,primevalue"
275,dairy-curd-0275,dairy,PrimeValue Curd 1 kg,/product-icons/generated/dairy-curd-0275.webp,"dairy,curd,1-kg,primevalue"
276,dairy-curd-0276,dairy,PrimeValue Curd 100 ml,/product-icons/generated/dairy-curd-0276.webp,"dairy,curd,100-ml,primevalue"
277,dairy-curd-0277,dairy,PrimeValue Curd 200 ml,/product-icons/generated/dairy-curd-0277.webp,"dairy,curd,200-ml,primevalue"
278,dairy-curd-0278,dairy,PrimeValue Curd 500 ml,/product-icons/generated/dairy-curd-0278.webp,"dairy,curd,500-ml,primevalue"
279,dairy-curd-0279,dairy,PrimeValue Curd 1 L,/product-icons/generated/dairy-curd-0279.webp,"dairy,curd,1-l,primevalue"
280,dairy-curd-0280,dairy,PrimeValue Curd 2 L,/product-icons/generated/dairy-curd-0280.webp,"dairy,curd,2-l,primevalue"
281,dairy-curd-0281,dairy,PrimeValue Curd Pack of 2,/product-icons/generated/dairy-curd-0281.webp,"dairy,curd,pack-of-2,primevalue"
282,dairy-curd-0282,dairy,PrimeValue Curd Pack of 4,/product-icons/generated/dairy-curd-0282.webp,"dairy,curd,pack-of-4,primevalue"
283,dairy-curd-0283,dairy,PrimeValue Curd Pack of 6,/product-icons/generated/dairy-curd-0283.webp,"dairy,curd,pack-of-6,primevalue"
284,dairy-curd-0284,dairy,PrimeValue Curd Family Pack,/product-icons/generated/dairy-curd-0284.webp,"dairy,curd,family-pack,primevalue"
285,dairy-curd-0285,dairy,PrimeValue Curd Mini,/product-icons/generated/dairy-curd-0285.webp,"dairy,curd,mini,primevalue"
286,dairy-curd-0286,dairy,PrimeValue Curd Regular,/product-icons/generated/dairy-curd-0286.webp,"dairy,curd,regular,primevalue"
287,dairy-curd-0287,dairy,PrimeValue Curd Premium,/product-icons/generated/dairy-curd-0287.webp,"dairy,curd,premium,primevalue"
288,dairy-curd-0288,dairy,PrimeValue Curd Value,/product-icons/generated/dairy-curd-0288.webp,"dairy,curd,value,primevalue"
289,dairy-curd-0289,dairy,StoreBest Curd 100 g,/product-icons/generated/dairy-curd-0289.webp,"dairy,curd,100-g,storebest"
290,dairy-curd-0290,dairy,StoreBest Curd 200 g,/product-icons/generated/dairy-curd-0290.webp,"dairy,curd,200-g,storebest"
291,dairy-curd-0291,dairy,StoreBest Curd 250 g,/product-icons/generated/dairy-curd-0291.webp,"dairy,curd,250-g,storebest"
292,dairy-curd-0292,dairy,StoreBest Curd 500 g,/product-icons/generated/dairy-curd-0292.webp,"dairy,curd,500-g,storebest"
293,dairy-curd-0293,dairy,StoreBest Curd 1 kg,/product-icons/generated/dairy-curd-0293.webp,"dairy,curd,1-kg,storebest"
294,dairy-curd-0294,dairy,StoreBest Curd 100 ml,/product-icons/generated/dairy-curd-0294.webp,"dairy,curd,100-ml,storebest"
295,dairy-curd-0295,dairy,StoreBest Curd 200 ml,/product-icons/generated/dairy-curd-0295.webp,"dairy,curd,200-ml,storebest"
296,dairy-curd-0296,dairy,StoreBest Curd 500 ml,/product-icons/generated/dairy-curd-0296.webp,"dairy,curd,500-ml,storebest"
297,dairy-curd-0297,dairy,StoreBest Curd 1 L,/product-icons/generated/dairy-curd-0297.webp,"dairy,curd,1-l,storebest"
298,dairy-curd-0298,dairy,StoreBest Curd 2 L,/product-icons/generated/dairy-curd-0298.webp,"dairy,curd,2-l,storebest"
299,dairy-curd-0299,dairy,StoreBest Curd Pack of 2,/product-icons/generated/dairy-curd-0299.webp,"dairy,curd,pack-of-2,storebest"
300,dairy-curd-0300,dairy,StoreBest Curd Pack of 4,/product-icons/generated/dairy-curd-0300.webp,"dairy,curd,pack-of-4,storebest"
301,dairy-curd-0301,dairy,StoreBest Curd Pack of 6,/product-icons/generated/dairy-curd-0301.webp,"dairy,curd,pack-of-6,storebest"
302,dairy-curd-0302,dairy,StoreBest Curd Family Pack,/product-icons/generated/dairy-curd-0302.webp,"dairy,curd,family-pack,storebest"
303,dairy-curd-0303,dairy,StoreBest Curd Mini,/product-icons/generated/dairy-curd-0303.webp,"dairy,curd,mini,storebest"
304,dairy-curd-0304,dairy,StoreBest Curd Regular,/product-icons/generated/dairy-curd-0304.webp,"dairy,curd,regular,storebest"
305,dairy-curd-0305,dairy,StoreBest Curd Premium,/product-icons/generated/dairy-curd-0305.webp,"dairy,curd,premium,storebest"
306,dairy-curd-0306,dairy,StoreBest Curd Value,/product-icons/generated/dairy-curd-0306.webp,"dairy,curd,value,storebest"
307,dairy-curd-0307,dairy,GoodLife Curd 100 g,/product-icons/generated/dairy-curd-0307.webp,"dairy,curd,100-g,goodlife"
308,dairy-curd-0308,dairy,GoodLife Curd 200 g,/product-icons/generated/dairy-curd-0308.webp,"dairy,curd,200-g,goodlife"
309,dairy-curd-0309,dairy,GoodLife Curd 250 g,/product-icons/generated/dairy-curd-0309.webp,"dairy,curd,250-g,goodlife"
310,dairy-curd-0310,dairy,GoodLife Curd 500 g,/product-icons/generated/dairy-curd-0310.webp,"dairy,curd,500-g,goodlife"
311,dairy-curd-0311,dairy,GoodLife Curd 1 kg,/product-icons/generated/dairy-curd-0311.webp,"dairy,curd,1-kg,goodlife"
312,dairy-curd-0312,dairy,GoodLife Curd 100 ml,/product-icons/generated/dairy-curd-0312.webp,"dairy,curd,100-ml,goodlife"
313,dairy-curd-0313,dairy,GoodLife Curd 200 ml,/product-icons/generated/dairy-curd-0313.webp,"dairy,curd,200-ml,goodlife"
314,dairy-curd-0314,dairy,GoodLife Curd 500 ml,/product-icons/generated/dairy-curd-0314.webp,"dairy,curd,500-ml,goodlife"
315,dairy-curd-0315,dairy,GoodLife Curd 1 L,/product-icons/generated/dairy-curd-0315.webp,"dairy,curd,1-l,goodlife"
316,dairy-curd-0316,dairy,GoodLife Curd 2 L,/product-icons/generated/dairy-curd-0316.webp,"dairy,curd,2-l,goodlife"
317,dairy-curd-0317,dairy,GoodLife Curd Pack of 2,/product-icons/generated/dairy-curd-0317.webp,"dairy,curd,pack-of-2,goodlife"
318,dairy-curd-0318,dairy,GoodLife Curd Pack of 4,/product-icons/generated/dairy-curd-0318.webp,"dairy,curd,pack-of-4,goodlife"
319,dairy-curd-0319,dairy,GoodLife Curd Pack of 6,/product-icons/generated/dairy-curd-0319.webp,"dairy,curd,pack-of-6,goodlife"
320,dairy-curd-0320,dairy,GoodLife Curd Family Pack,/product-icons/generated/dairy-curd-0320.webp,"dairy,curd,family-pack,goodlife"
321,dairy-curd-0321,dairy,GoodLife Curd Mini,/product-icons/generated/dairy-curd-0321.webp,"dairy,curd,mini,goodlife"
322,dairy-curd-0322,dairy,GoodLife Curd Regular,/product-icons/generated/dairy-curd-0322.webp,"dairy,curd,regular,goodlife"
323,dairy-curd-0323,dairy,GoodLife Curd Premium,/product-icons/generated/dairy-curd-0323.webp,"dairy,curd,premium,goodlife"
324,dairy-curd-0324,dairy,GoodLife Curd Value,/product-icons/generated/dairy-curd-0324.webp,"dairy,curd,value,goodlife"
325,dairy-curd-0325,dairy,CityFresh Curd 100 g,/product-icons/generated/dairy-curd-0325.webp,"dairy,curd,100-g,cityfresh"
326,dairy-curd-0326,dairy,CityFresh Curd 200 g,/product-icons/generated/dairy-curd-0326.webp,"dairy,curd,200-g,cityfresh"
327,dairy-curd-0327,dairy,CityFresh Curd 250 g,/product-icons/generated/dairy-curd-0327.webp,"dairy,curd,250-g,cityfresh"
328,dairy-curd-0328,dairy,CityFresh Curd 500 g,/product-icons/generated/dairy-curd-0328.webp,"dairy,curd,500-g,cityfresh"
329,dairy-curd-0329,dairy,CityFresh Curd 1 kg,/product-icons/generated/dairy-curd-0329.webp,"dairy,curd,1-kg,cityfresh"
330,dairy-curd-0330,dairy,CityFresh Curd 100 ml,/product-icons/generated/dairy-curd-0330.webp,"dairy,curd,100-ml,cityfresh"
331,dairy-curd-0331,dairy,CityFresh Curd 200 ml,/product-icons/generated/dairy-curd-0331.webp,"dairy,curd,200-ml,cityfresh"
332,dairy-curd-0332,dairy,CityFresh Curd 500 ml,/product-icons/generated/dairy-curd-0332.webp,"dairy,curd,500-ml,cityfresh"
333,dairy-curd-0333,dairy,CityFresh Curd 1 L,/product-icons/generated/dairy-curd-0333.webp,"dairy,curd,1-l,cityfresh"
334,dairy-curd-0334,dairy,CityFresh Curd 2 L,/product-icons/generated/dairy-curd-0334.webp,"dairy,curd,2-l,cityfresh"
335,dairy-curd-0335,dairy,CityFresh Curd Pack of 2,/product-icons/generated/dairy-curd-0335.webp,"dairy,curd,pack-of-2,cityfresh"
336,dairy-curd-0336,dairy,CityFresh Curd Pack of 4,/product-icons/generated/dairy-curd-0336.webp,"dairy,curd,pack-of-4,cityfresh"
337,dairy-curd-0337,dairy,CityFresh Curd Pack of 6,/product-icons/generated/dairy-curd-0337.webp,"dairy,curd,pack-of-6,cityfresh"
338,dairy-curd-0338,dairy,CityFresh Curd Family Pack,/product-icons/generated/dairy-curd-0338.webp,"dairy,curd,family-pack,cityfresh"
339,dairy-curd-0339,dairy,CityFresh Curd Mini,/product-icons/generated/dairy-curd-0339.webp,"dairy,curd,mini,cityfresh"
340,dairy-curd-0340,dairy,CityFresh Curd Regular,/product-icons/generated/dairy-curd-0340.webp,"dairy,curd,regular,cityfresh"
341,dairy-curd-0341,dairy,CityFresh Curd Premium,/product-icons/generated/dairy-curd-0341.webp,"dairy,curd,premium,cityfresh"
342,dairy-curd-0342,dairy,CityFresh Curd Value,/product-icons/generated/dairy-curd-0342.webp,"dairy,curd,value,cityfresh"
343,dairy-curd-0343,dairy,Classic Curd 100 g,/product-icons/generated/dairy-curd-0343.webp,"dairy,curd,100-g,classic"
344,dairy-curd-0344,dairy,Classic Curd 200 g,/product-icons/generated/dairy-curd-0344.webp,"dairy,curd,200-g,classic"
345,dairy-curd-0345,dairy,Classic Curd 250 g,/product-icons/generated/dairy-curd-0345.webp,"dairy,curd,250-g,classic"
346,dairy-curd-0346,dairy,Classic Curd 500 g,/product-icons/generated/dairy-curd-0346.webp,"dairy,curd,500-g,classic"
347,dairy-curd-0347,dairy,Classic Curd 1 kg,/product-icons/generated/dairy-curd-0347.webp,"dairy,curd,1-kg,classic"
348,dairy-curd-0348,dairy,Classic Curd 100 ml,/product-icons/generated/dairy-curd-0348.webp,"dairy,curd,100-ml,classic"
349,dairy-curd-0349,dairy,Classic Curd 200 ml,/product-icons/generated/dairy-curd-0349.webp,"dairy,curd,200-ml,classic"
350,dairy-curd-0350,dairy,Classic Curd 500 ml,/product-icons/generated/dairy-curd-0350.webp,"dairy,curd,500-ml,classic"
351,dairy-curd-0351,dairy,Classic Curd 1 L,/product-icons/generated/dairy-curd-0351.webp,"dairy,curd,1-l,classic"
352,dairy-curd-0352,dairy,Classic Curd 2 L,/product-icons/generated/dairy-curd-0352.webp,"dairy,curd,2-l,classic"
353,dairy-curd-0353,dairy,Classic Curd Pack of 2,/product-icons/generated/dairy-curd-0353.webp,"dairy,curd,pack-of-2,classic"
354,dairy-curd-0354,dairy,Classic Curd Pack of 4,/product-icons/generated/dairy-curd-0354.webp,"dairy,curd,pack-of-4,classic"
355,dairy-curd-0355,dairy,Classic Curd Pack of 6,/product-icons/generated/dairy-curd-0355.webp,"dairy,curd,pack-of-6,classic"
356,dairy-curd-0356,dairy,Classic Curd Family Pack,/product-icons/generated/dairy-curd-0356.webp,"dairy,curd,family-pack,classic"
357,dairy-curd-0357,dairy,Classic Curd Mini,/product-icons/generated/dairy-curd-0357.webp,"dairy,curd,mini,classic"
358,dairy-curd-0358,dairy,Classic Curd Regular,/product-icons/generated/dairy-curd-0358.webp,"dairy,curd,regular,classic"
359,dairy-curd-0359,dairy,Classic Curd Premium,/product-icons/generated/dairy-curd-0359.webp,"dairy,curd,premium,classic"
360,dairy-curd-0360,dairy,Classic Curd Value,/product-icons/generated/dairy-curd-0360.webp,"dairy,curd,value,classic"
361,dairy-paneer-0361,dairy,FreshFarm Paneer 100 g,/product-icons/generated/dairy-paneer-0361.webp,"dairy,paneer,100-g,freshfarm"
362,dairy-paneer-0362,dairy,FreshFarm Paneer 200 g,/product-icons/generated/dairy-paneer-0362.webp,"dairy,paneer,200-g,freshfarm"
363,dairy-paneer-0363,dairy,FreshFarm Paneer 250 g,/product-icons/generated/dairy-paneer-0363.webp,"dairy,paneer,250-g,freshfarm"
364,dairy-paneer-0364,dairy,FreshFarm Paneer 500 g,/product-icons/generated/dairy-paneer-0364.webp,"dairy,paneer,500-g,freshfarm"
365,dairy-paneer-0365,dairy,FreshFarm Paneer 1 kg,/product-icons/generated/dairy-paneer-0365.webp,"dairy,paneer,1-kg,freshfarm"
366,dairy-paneer-0366,dairy,FreshFarm Paneer 100 ml,/product-icons/generated/dairy-paneer-0366.webp,"dairy,paneer,100-ml,freshfarm"
367,dairy-paneer-0367,dairy,FreshFarm Paneer 200 ml,/product-icons/generated/dairy-paneer-0367.webp,"dairy,paneer,200-ml,freshfarm"
368,dairy-paneer-0368,dairy,FreshFarm Paneer 500 ml,/product-icons/generated/dairy-paneer-0368.webp,"dairy,paneer,500-ml,freshfarm"
369,dairy-paneer-0369,dairy,FreshFarm Paneer 1 L,/product-icons/generated/dairy-paneer-0369.webp,"dairy,paneer,1-l,freshfarm"
370,dairy-paneer-0370,dairy,FreshFarm Paneer 2 L,/product-icons/generated/dairy-paneer-0370.webp,"dairy,paneer,2-l,freshfarm"
371,dairy-paneer-0371,dairy,FreshFarm Paneer Pack of 2,/product-icons/generated/dairy-paneer-0371.webp,"dairy,paneer,pack-of-2,freshfarm"
372,dairy-paneer-0372,dairy,FreshFarm Paneer Pack of 4,/product-icons/generated/dairy-paneer-0372.webp,"dairy,paneer,pack-of-4,freshfarm"
373,dairy-paneer-0373,dairy,FreshFarm Paneer Pack of 6,/product-icons/generated/dairy-paneer-0373.webp,"dairy,paneer,pack-of-6,freshfarm"
374,dairy-paneer-0374,dairy,FreshFarm Paneer Family Pack,/product-icons/generated/dairy-paneer-0374.webp,"dairy,paneer,family-pack,freshfarm"
375,dairy-paneer-0375,dairy,FreshFarm Paneer Mini,/product-icons/generated/dairy-paneer-0375.webp,"dairy,paneer,mini,freshfarm"
376,dairy-paneer-0376,dairy,FreshFarm Paneer Regular,/product-icons/generated/dairy-paneer-0376.webp,"dairy,paneer,regular,freshfarm"
377,dairy-paneer-0377,dairy,FreshFarm Paneer Premium,/product-icons/generated/dairy-paneer-0377.webp,"dairy,paneer,premium,freshfarm"
378,dairy-paneer-0378,dairy,FreshFarm Paneer Value,/product-icons/generated/dairy-paneer-0378.webp,"dairy,paneer,value,freshfarm"
379,dairy-paneer-0379,dairy,DailyChoice Paneer 100 g,/product-icons/generated/dairy-paneer-0379.webp,"dairy,paneer,100-g,dailychoice"
380,dairy-paneer-0380,dairy,DailyChoice Paneer 200 g,/product-icons/generated/dairy-paneer-0380.webp,"dairy,paneer,200-g,dailychoice"
381,dairy-paneer-0381,dairy,DailyChoice Paneer 250 g,/product-icons/generated/dairy-paneer-0381.webp,"dairy,paneer,250-g,dailychoice"
382,dairy-paneer-0382,dairy,DailyChoice Paneer 500 g,/product-icons/generated/dairy-paneer-0382.webp,"dairy,paneer,500-g,dailychoice"
383,dairy-paneer-0383,dairy,DailyChoice Paneer 1 kg,/product-icons/generated/dairy-paneer-0383.webp,"dairy,paneer,1-kg,dailychoice"
384,dairy-paneer-0384,dairy,DailyChoice Paneer 100 ml,/product-icons/generated/dairy-paneer-0384.webp,"dairy,paneer,100-ml,dailychoice"
385,dairy-paneer-0385,dairy,DailyChoice Paneer 200 ml,/product-icons/generated/dairy-paneer-0385.webp,"dairy,paneer,200-ml,dailychoice"
386,dairy-paneer-0386,dairy,DailyChoice Paneer 500 ml,/product-icons/generated/dairy-paneer-0386.webp,"dairy,paneer,500-ml,dailychoice"
387,dairy-paneer-0387,dairy,DailyChoice Paneer 1 L,/product-icons/generated/dairy-paneer-0387.webp,"dairy,paneer,1-l,dailychoice"
388,dairy-paneer-0388,dairy,DailyChoice Paneer 2 L,/product-icons/generated/dairy-paneer-0388.webp,"dairy,paneer,2-l,dailychoice"
389,dairy-paneer-0389,dairy,DailyChoice Paneer Pack of 2,/product-icons/generated/dairy-paneer-0389.webp,"dairy,paneer,pack-of-2,dailychoice"
390,dairy-paneer-0390,dairy,DailyChoice Paneer Pack of 4,/product-icons/generated/dairy-paneer-0390.webp,"dairy,paneer,pack-of-4,dailychoice"
391,dairy-paneer-0391,dairy,DailyChoice Paneer Pack of 6,/product-icons/generated/dairy-paneer-0391.webp,"dairy,paneer,pack-of-6,dailychoice"
392,dairy-paneer-0392,dairy,DailyChoice Paneer Family Pack,/product-icons/generated/dairy-paneer-0392.webp,"dairy,paneer,family-pack,dailychoice"
393,dairy-paneer-0393,dairy,DailyChoice Paneer Mini,/product-icons/generated/dairy-paneer-0393.webp,"dairy,paneer,mini,dailychoice"
394,dairy-paneer-0394,dairy,DailyChoice Paneer Regular,/product-icons/generated/dairy-paneer-0394.webp,"dairy,paneer,regular,dailychoice"
395,dairy-paneer-0395,dairy,DailyChoice Paneer Premium,/product-icons/generated/dairy-paneer-0395.webp,"dairy,paneer,premium,dailychoice"
396,dairy-paneer-0396,dairy,DailyChoice Paneer Value,/product-icons/generated/dairy-paneer-0396.webp,"dairy,paneer,value,dailychoice"
397,dairy-paneer-0397,dairy,QuickMart Paneer 100 g,/product-icons/generated/dairy-paneer-0397.webp,"dairy,paneer,100-g,quickmart"
398,dairy-paneer-0398,dairy,QuickMart Paneer 200 g,/product-icons/generated/dairy-paneer-0398.webp,"dairy,paneer,200-g,quickmart"
399,dairy-paneer-0399,dairy,QuickMart Paneer 250 g,/product-icons/generated/dairy-paneer-0399.webp,"dairy,paneer,250-g,quickmart"
400,dairy-paneer-0400,dairy,QuickMart Paneer 500 g,/product-icons/generated/dairy-paneer-0400.webp,"dairy,paneer,500-g,quickmart"
401,dairy-paneer-0401,dairy,QuickMart Paneer 1 kg,/product-icons/generated/dairy-paneer-0401.webp,"dairy,paneer,1-kg,quickmart"
402,dairy-paneer-0402,dairy,QuickMart Paneer 100 ml,/product-icons/generated/dairy-paneer-0402.webp,"dairy,paneer,100-ml,quickmart"
403,dairy-paneer-0403,dairy,QuickMart Paneer 200 ml,/product-icons/generated/dairy-paneer-0403.webp,"dairy,paneer,200-ml,quickmart"
404,dairy-paneer-0404,dairy,QuickMart Paneer 500 ml,/product-icons/generated/dairy-paneer-0404.webp,"dairy,paneer,500-ml,quickmart"
405,dairy-paneer-0405,dairy,QuickMart Paneer 1 L,/product-icons/generated/dairy-paneer-0405.webp,"dairy,paneer,1-l,quickmart"
406,dairy-paneer-0406,dairy,QuickMart Paneer 2 L,/product-icons/generated/dairy-paneer-0406.webp,"dairy,paneer,2-l,quickmart"
407,dairy-paneer-0407,dairy,QuickMart Paneer Pack of 2,/product-icons/generated/dairy-paneer-0407.webp,"dairy,paneer,pack-of-2,quickmart"
408,dairy-paneer-0408,dairy,QuickMart Paneer Pack of 4,/product-icons/generated/dairy-paneer-0408.webp,"dairy,paneer,pack-of-4,quickmart"
409,dairy-paneer-0409,dairy,QuickMart Paneer Pack of 6,/product-icons/generated/dairy-paneer-0409.webp,"dairy,paneer,pack-of-6,quickmart"
410,dairy-paneer-0410,dairy,QuickMart Paneer Family Pack,/product-icons/generated/dairy-paneer-0410.webp,"dairy,paneer,family-pack,quickmart"
411,dairy-paneer-0411,dairy,QuickMart Paneer Mini,/product-icons/generated/dairy-paneer-0411.webp,"dairy,paneer,mini,quickmart"
412,dairy-paneer-0412,dairy,QuickMart Paneer Regular,/product-icons/generated/dairy-paneer-0412.webp,"dairy,paneer,regular,quickmart"
413,dairy-paneer-0413,dairy,QuickMart Paneer Premium,/product-icons/generated/dairy-paneer-0413.webp,"dairy,paneer,premium,quickmart"
414,dairy-paneer-0414,dairy,QuickMart Paneer Value,/product-icons/generated/dairy-paneer-0414.webp,"dairy,paneer,value,quickmart"
415,dairy-paneer-0415,dairy,SmartBuy Paneer 100 g,/product-icons/generated/dairy-paneer-0415.webp,"dairy,paneer,100-g,smartbuy"
416,dairy-paneer-0416,dairy,SmartBuy Paneer 200 g,/product-icons/generated/dairy-paneer-0416.webp,"dairy,paneer,200-g,smartbuy"
417,dairy-paneer-0417,dairy,SmartBuy Paneer 250 g,/product-icons/generated/dairy-paneer-0417.webp,"dairy,paneer,250-g,smartbuy"
418,dairy-paneer-0418,dairy,SmartBuy Paneer 500 g,/product-icons/generated/dairy-paneer-0418.webp,"dairy,paneer,500-g,smartbuy"
419,dairy-paneer-0419,dairy,SmartBuy Paneer 1 kg,/product-icons/generated/dairy-paneer-0419.webp,"dairy,paneer,1-kg,smartbuy"
420,dairy-paneer-0420,dairy,SmartBuy Paneer 100 ml,/product-icons/generated/dairy-paneer-0420.webp,"dairy,paneer,100-ml,smartbuy"
421,dairy-paneer-0421,dairy,SmartBuy Paneer 200 ml,/product-icons/generated/dairy-paneer-0421.webp,"dairy,paneer,200-ml,smartbuy"
422,dairy-paneer-0422,dairy,SmartBuy Paneer 500 ml,/product-icons/generated/dairy-paneer-0422.webp,"dairy,paneer,500-ml,smartbuy"
423,dairy-paneer-0423,dairy,SmartBuy Paneer 1 L,/product-icons/generated/dairy-paneer-0423.webp,"dairy,paneer,1-l,smartbuy"
424,dairy-paneer-0424,dairy,SmartBuy Paneer 2 L,/product-icons/generated/dairy-paneer-0424.webp,"dairy,paneer,2-l,smartbuy"
425,dairy-paneer-0425,dairy,SmartBuy Paneer Pack of 2,/product-icons/generated/dairy-paneer-0425.webp,"dairy,paneer,pack-of-2,smartbuy"
426,dairy-paneer-0426,dairy,SmartBuy Paneer Pack of 4,/product-icons/generated/dairy-paneer-0426.webp,"dairy,paneer,pack-of-4,smartbuy"
427,dairy-paneer-0427,dairy,SmartBuy Paneer Pack of 6,/product-icons/generated/dairy-paneer-0427.webp,"dairy,paneer,pack-of-6,smartbuy"
428,dairy-paneer-0428,dairy,SmartBuy Paneer Family Pack,/product-icons/generated/dairy-paneer-0428.webp,"dairy,paneer,family-pack,smartbuy"
429,dairy-paneer-0429,dairy,SmartBuy Paneer Mini,/product-icons/generated/dairy-paneer-0429.webp,"dairy,paneer,mini,smartbuy"
430,dairy-paneer-0430,dairy,SmartBuy Paneer Regular,/product-icons/generated/dairy-paneer-0430.webp,"dairy,paneer,regular,smartbuy"
431,dairy-paneer-0431,dairy,SmartBuy Paneer Premium,/product-icons/generated/dairy-paneer-0431.webp,"dairy,paneer,premium,smartbuy"
432,dairy-paneer-0432,dairy,SmartBuy Paneer Value,/product-icons/generated/dairy-paneer-0432.webp,"dairy,paneer,value,smartbuy"
433,dairy-paneer-0433,dairy,HomeSelect Paneer 100 g,/product-icons/generated/dairy-paneer-0433.webp,"dairy,paneer,100-g,homeselect"
434,dairy-paneer-0434,dairy,HomeSelect Paneer 200 g,/product-icons/generated/dairy-paneer-0434.webp,"dairy,paneer,200-g,homeselect"
435,dairy-paneer-0435,dairy,HomeSelect Paneer 250 g,/product-icons/generated/dairy-paneer-0435.webp,"dairy,paneer,250-g,homeselect"
436,dairy-paneer-0436,dairy,HomeSelect Paneer 500 g,/product-icons/generated/dairy-paneer-0436.webp,"dairy,paneer,500-g,homeselect"
437,dairy-paneer-0437,dairy,HomeSelect Paneer 1 kg,/product-icons/generated/dairy-paneer-0437.webp,"dairy,paneer,1-kg,homeselect"
438,dairy-paneer-0438,dairy,HomeSelect Paneer 100 ml,/product-icons/generated/dairy-paneer-0438.webp,"dairy,paneer,100-ml,homeselect"
439,dairy-paneer-0439,dairy,HomeSelect Paneer 200 ml,/product-icons/generated/dairy-paneer-0439.webp,"dairy,paneer,200-ml,homeselect"
440,dairy-paneer-0440,dairy,HomeSelect Paneer 500 ml,/product-icons/generated/dairy-paneer-0440.webp,"dairy,paneer,500-ml,homeselect"
441,dairy-paneer-0441,dairy,HomeSelect Paneer 1 L,/product-icons/generated/dairy-paneer-0441.webp,"dairy,paneer,1-l,homeselect"
442,dairy-paneer-0442,dairy,HomeSelect Paneer 2 L,/product-icons/generated/dairy-paneer-0442.webp,"dairy,paneer,2-l,homeselect"
443,dairy-paneer-0443,dairy,HomeSelect Paneer Pack of 2,/product-icons/generated/dairy-paneer-0443.webp,"dairy,paneer,pack-of-2,homeselect"
444,dairy-paneer-0444,dairy,HomeSelect Paneer Pack of 4,/product-icons/generated/dairy-paneer-0444.webp,"dairy,paneer,pack-of-4,homeselect"
445,dairy-paneer-0445,dairy,HomeSelect Paneer Pack of 6,/product-icons/generated/dairy-paneer-0445.webp,"dairy,paneer,pack-of-6,homeselect"
446,dairy-paneer-0446,dairy,HomeSelect Paneer Family Pack,/product-icons/generated/dairy-paneer-0446.webp,"dairy,paneer,family-pack,homeselect"
447,dairy-paneer-0447,dairy,HomeSelect Paneer Mini,/product-icons/generated/dairy-paneer-0447.webp,"dairy,paneer,mini,homeselect"
448,dairy-paneer-0448,dairy,HomeSelect Paneer Regular,/product-icons/generated/dairy-paneer-0448.webp,"dairy,paneer,regular,homeselect"
449,dairy-paneer-0449,dairy,HomeSelect Paneer Premium,/product-icons/generated/dairy-paneer-0449.webp,"dairy,paneer,premium,homeselect"
450,dairy-paneer-0450,dairy,HomeSelect Paneer Value,/product-icons/generated/dairy-paneer-0450.webp,"dairy,paneer,value,homeselect"
451,dairy-paneer-0451,dairy,PrimeValue Paneer 100 g,/product-icons/generated/dairy-paneer-0451.webp,"dairy,paneer,100-g,primevalue"
452,dairy-paneer-0452,dairy,PrimeValue Paneer 200 g,/product-icons/generated/dairy-paneer-0452.webp,"dairy,paneer,200-g,primevalue"
453,dairy-paneer-0453,dairy,PrimeValue Paneer 250 g,/product-icons/generated/dairy-paneer-0453.webp,"dairy,paneer,250-g,primevalue"
454,dairy-paneer-0454,dairy,PrimeValue Paneer 500 g,/product-icons/generated/dairy-paneer-0454.webp,"dairy,paneer,500-g,primevalue"
455,dairy-paneer-0455,dairy,PrimeValue Paneer 1 kg,/product-icons/generated/dairy-paneer-0455.webp,"dairy,paneer,1-kg,primevalue"
456,dairy-paneer-0456,dairy,PrimeValue Paneer 100 ml,/product-icons/generated/dairy-paneer-0456.webp,"dairy,paneer,100-ml,primevalue"
457,dairy-paneer-0457,dairy,PrimeValue Paneer 200 ml,/product-icons/generated/dairy-paneer-0457.webp,"dairy,paneer,200-ml,primevalue"
458,dairy-paneer-0458,dairy,PrimeValue Paneer 500 ml,/product-icons/generated/dairy-paneer-0458.webp,"dairy,paneer,500-ml,primevalue"
459,dairy-paneer-0459,dairy,PrimeValue Paneer 1 L,/product-icons/generated/dairy-paneer-0459.webp,"dairy,paneer,1-l,primevalue"
460,dairy-paneer-0460,dairy,PrimeValue Paneer 2 L,/product-icons/generated/dairy-paneer-0460.webp,"dairy,paneer,2-l,primevalue"
461,dairy-paneer-0461,dairy,PrimeValue Paneer Pack of 2,/product-icons/generated/dairy-paneer-0461.webp,"dairy,paneer,pack-of-2,primevalue"
462,dairy-paneer-0462,dairy,PrimeValue Paneer Pack of 4,/product-icons/generated/dairy-paneer-0462.webp,"dairy,paneer,pack-of-4,primevalue"
463,dairy-paneer-0463,dairy,PrimeValue Paneer Pack of 6,/product-icons/generated/dairy-paneer-0463.webp,"dairy,paneer,pack-of-6,primevalue"
464,dairy-paneer-0464,dairy,PrimeValue Paneer Family Pack,/product-icons/generated/dairy-paneer-0464.webp,"dairy,paneer,family-pack,primevalue"
465,dairy-paneer-0465,dairy,PrimeValue Paneer Mini,/product-icons/generated/dairy-paneer-0465.webp,"dairy,paneer,mini,primevalue"
466,dairy-paneer-0466,dairy,PrimeValue Paneer Regular,/product-icons/generated/dairy-paneer-0466.webp,"dairy,paneer,regular,primevalue"
467,dairy-paneer-0467,dairy,PrimeValue Paneer Premium,/product-icons/generated/dairy-paneer-0467.webp,"dairy,paneer,premium,primevalue"
468,dairy-paneer-0468,dairy,PrimeValue Paneer Value,/product-icons/generated/dairy-paneer-0468.webp,"dairy,paneer,value,primevalue"
469,dairy-paneer-0469,dairy,StoreBest Paneer 100 g,/product-icons/generated/dairy-paneer-0469.webp,"dairy,paneer,100-g,storebest"
470,dairy-paneer-0470,dairy,StoreBest Paneer 200 g,/product-icons/generated/dairy-paneer-0470.webp,"dairy,paneer,200-g,storebest"
471,dairy-paneer-0471,dairy,StoreBest Paneer 250 g,/product-icons/generated/dairy-paneer-0471.webp,"dairy,paneer,250-g,storebest"
472,dairy-paneer-0472,dairy,StoreBest Paneer 500 g,/product-icons/generated/dairy-paneer-0472.webp,"dairy,paneer,500-g,storebest"
473,dairy-paneer-0473,dairy,StoreBest Paneer 1 kg,/product-icons/generated/dairy-paneer-0473.webp,"dairy,paneer,1-kg,storebest"
474,dairy-paneer-0474,dairy,StoreBest Paneer 100 ml,/product-icons/generated/dairy-paneer-0474.webp,"dairy,paneer,100-ml,storebest"
475,dairy-paneer-0475,dairy,StoreBest Paneer 200 ml,/product-icons/generated/dairy-paneer-0475.webp,"dairy,paneer,200-ml,storebest"
476,dairy-paneer-0476,dairy,StoreBest Paneer 500 ml,/product-icons/generated/dairy-paneer-0476.webp,"dairy,paneer,500-ml,storebest"
477,dairy-paneer-0477,dairy,StoreBest Paneer 1 L,/product-icons/generated/dairy-paneer-0477.webp,"dairy,paneer,1-l,storebest"
478,dairy-paneer-0478,dairy,StoreBest Paneer 2 L,/product-icons/generated/dairy-paneer-0478.webp,"dairy,paneer,2-l,storebest"
479,dairy-paneer-0479,dairy,StoreBest Paneer Pack of 2,/product-icons/generated/dairy-paneer-0479.webp,"dairy,paneer,pack-of-2,storebest"
480,dairy-paneer-0480,dairy,StoreBest Paneer Pack of 4,/product-icons/generated/dairy-paneer-0480.webp,"dairy,paneer,pack-of-4,storebest"
481,dairy-paneer-0481,dairy,StoreBest Paneer Pack of 6,/product-icons/generated/dairy-paneer-0481.webp,"dairy,paneer,pack-of-6,storebest"
482,dairy-paneer-0482,dairy,StoreBest Paneer Family Pack,/product-icons/generated/dairy-paneer-0482.webp,"dairy,paneer,family-pack,storebest"
483,dairy-paneer-0483,dairy,StoreBest Paneer Mini,/product-icons/generated/dairy-paneer-0483.webp,"dairy,paneer,mini,storebest"
484,dairy-paneer-0484,dairy,StoreBest Paneer Regular,/product-icons/generated/dairy-paneer-0484.webp,"dairy,paneer,regular,storebest"
485,dairy-paneer-0485,dairy,StoreBest Paneer Premium,/product-icons/generated/dairy-paneer-0485.webp,"dairy,paneer,premium,storebest"
486,dairy-paneer-0486,dairy,StoreBest Paneer Value,/product-icons/generated/dairy-paneer-0486.webp,"dairy,paneer,value,storebest"
487,dairy-paneer-0487,dairy,GoodLife Paneer 100 g,/product-icons/generated/dairy-paneer-0487.webp,"dairy,paneer,100-g,goodlife"
488,dairy-paneer-0488,dairy,GoodLife Paneer 200 g,/product-icons/generated/dairy-paneer-0488.webp,"dairy,paneer,200-g,goodlife"
489,dairy-paneer-0489,dairy,GoodLife Paneer 250 g,/product-icons/generated/dairy-paneer-0489.webp,"dairy,paneer,250-g,goodlife"
490,dairy-paneer-0490,dairy,GoodLife Paneer 500 g,/product-icons/generated/dairy-paneer-0490.webp,"dairy,paneer,500-g,goodlife"
491,dairy-paneer-0491,dairy,GoodLife Paneer 1 kg,/product-icons/generated/dairy-paneer-0491.webp,"dairy,paneer,1-kg,goodlife"
492,dairy-paneer-0492,dairy,GoodLife Paneer 100 ml,/product-icons/generated/dairy-paneer-0492.webp,"dairy,paneer,100-ml,goodlife"
493,dairy-paneer-0493,dairy,GoodLife Paneer 200 ml,/product-icons/generated/dairy-paneer-0493.webp,"dairy,paneer,200-ml,goodlife"
494,dairy-paneer-0494,dairy,GoodLife Paneer 500 ml,/product-icons/generated/dairy-paneer-0494.webp,"dairy,paneer,500-ml,goodlife"
495,dairy-paneer-0495,dairy,GoodLife Paneer 1 L,/product-icons/generated/dairy-paneer-0495.webp,"dairy,paneer,1-l,goodlife"
496,dairy-paneer-0496,dairy,GoodLife Paneer 2 L,/product-icons/generated/dairy-paneer-0496.webp,"dairy,paneer,2-l,goodlife"
497,dairy-paneer-0497,dairy,GoodLife Paneer Pack of 2,/product-icons/generated/dairy-paneer-0497.webp,"dairy,paneer,pack-of-2,goodlife"
498,dairy-paneer-0498,dairy,GoodLife Paneer Pack of 4,/product-icons/generated/dairy-paneer-0498.webp,"dairy,paneer,pack-of-4,goodlife"
499,dairy-paneer-0499,dairy,GoodLife Paneer Pack of 6,/product-icons/generated/dairy-paneer-0499.webp,"dairy,paneer,pack-of-6,goodlife"
500,dairy-paneer-0500,dairy,GoodLife Paneer Family Pack,/product-icons/generated/dairy-paneer-0500.webp,"dairy,paneer,family-pack,goodlife"
501,dairy-paneer-0501,dairy,GoodLife Paneer Mini,/product-icons/generated/dairy-paneer-0501.webp,"dairy,paneer,mini,goodlife"
502,dairy-paneer-0502,dairy,GoodLife Paneer Regular,/product-icons/generated/dairy-paneer-0502.webp,"dairy,paneer,regular,goodlife"
503,dairy-paneer-0503,dairy,GoodLife Paneer Premium,/product-icons/generated/dairy-paneer-0503.webp,"dairy,paneer,premium,goodlife"
504,dairy-paneer-0504,dairy,GoodLife Paneer Value,/product-icons/generated/dairy-paneer-0504.webp,"dairy,paneer,value,goodlife"
505,dairy-paneer-0505,dairy,CityFresh Paneer 100 g,/product-icons/generated/dairy-paneer-0505.webp,"dairy,paneer,100-g,cityfresh"
506,dairy-paneer-0506,dairy,CityFresh Paneer 200 g,/product-icons/generated/dairy-paneer-0506.webp,"dairy,paneer,200-g,cityfresh"
507,dairy-paneer-0507,dairy,CityFresh Paneer 250 g,/product-icons/generated/dairy-paneer-0507.webp,"dairy,paneer,250-g,cityfresh"
508,dairy-paneer-0508,dairy,CityFresh Paneer 500 g,/product-icons/generated/dairy-paneer-0508.webp,"dairy,paneer,500-g,cityfresh"
509,dairy-paneer-0509,dairy,CityFresh Paneer 1 kg,/product-icons/generated/dairy-paneer-0509.webp,"dairy,paneer,1-kg,cityfresh"
510,dairy-paneer-0510,dairy,CityFresh Paneer 100 ml,/product-icons/generated/dairy-paneer-0510.webp,"dairy,paneer,100-ml,cityfresh"
511,dairy-paneer-0511,dairy,CityFresh Paneer 200 ml,/product-icons/generated/dairy-paneer-0511.webp,"dairy,paneer,200-ml,cityfresh"
512,dairy-paneer-0512,dairy,CityFresh Paneer 500 ml,/product-icons/generated/dairy-paneer-0512.webp,"dairy,paneer,500-ml,cityfresh"
513,dairy-paneer-0513,dairy,CityFresh Paneer 1 L,/product-icons/generated/dairy-paneer-0513.webp,"dairy,paneer,1-l,cityfresh"
514,dairy-paneer-0514,dairy,CityFresh Paneer 2 L,/product-icons/generated/dairy-paneer-0514.webp,"dairy,paneer,2-l,cityfresh"
515,dairy-paneer-0515,dairy,CityFresh Paneer Pack of 2,/product-icons/generated/dairy-paneer-0515.webp,"dairy,paneer,pack-of-2,cityfresh"
516,dairy-paneer-0516,dairy,CityFresh Paneer Pack of 4,/product-icons/generated/dairy-paneer-0516.webp,"dairy,paneer,pack-of-4,cityfresh"
517,dairy-paneer-0517,dairy,CityFresh Paneer Pack of 6,/product-icons/generated/dairy-paneer-0517.webp,"dairy,paneer,pack-of-6,cityfresh"
518,dairy-paneer-0518,dairy,CityFresh Paneer Family Pack,/product-icons/generated/dairy-paneer-0518.webp,"dairy,paneer,family-pack,cityfresh"
519,dairy-paneer-0519,dairy,CityFresh Paneer Mini,/product-icons/generated/dairy-paneer-0519.webp,"dairy,paneer,mini,cityfresh"
520,dairy-paneer-0520,dairy,CityFresh Paneer Regular,/product-icons/generated/dairy-paneer-0520.webp,"dairy,paneer,regular,cityfresh"
521,dairy-paneer-0521,dairy,CityFresh Paneer Premium,/product-icons/generated/dairy-paneer-0521.webp,"dairy,paneer,premium,cityfresh"
522,dairy-paneer-0522,dairy,CityFresh Paneer Value,/product-icons/generated/dairy-paneer-0522.webp,"dairy,paneer,value,cityfresh"
523,dairy-paneer-0523,dairy,Classic Paneer 100 g,/product-icons/generated/dairy-paneer-0523.webp,"dairy,paneer,100-g,classic"
524,dairy-paneer-0524,dairy,Classic Paneer 200 g,/product-icons/generated/dairy-paneer-0524.webp,"dairy,paneer,200-g,classic"
525,dairy-paneer-0525,dairy,Classic Paneer 250 g,/product-icons/generated/dairy-paneer-0525.webp,"dairy,paneer,250-g,classic"
526,dairy-paneer-0526,dairy,Classic Paneer 500 g,/product-icons/generated/dairy-paneer-0526.webp,"dairy,paneer,500-g,classic"
527,dairy-paneer-0527,dairy,Classic Paneer 1 kg,/product-icons/generated/dairy-paneer-0527.webp,"dairy,paneer,1-kg,classic"
528,dairy-paneer-0528,dairy,Classic Paneer 100 ml,/product-icons/generated/dairy-paneer-0528.webp,"dairy,paneer,100-ml,classic"
529,dairy-paneer-0529,dairy,Classic Paneer 200 ml,/product-icons/generated/dairy-paneer-0529.webp,"dairy,paneer,200-ml,classic"
530,dairy-paneer-0530,dairy,Classic Paneer 500 ml,/product-icons/generated/dairy-paneer-0530.webp,"dairy,paneer,500-ml,classic"
531,dairy-paneer-0531,dairy,Classic Paneer 1 L,/product-icons/generated/dairy-paneer-0531.webp,"dairy,paneer,1-l,classic"
532,dairy-paneer-0532,dairy,Classic Paneer 2 L,/product-icons/generated/dairy-paneer-0532.webp,"dairy,paneer,2-l,classic"
533,dairy-paneer-0533,dairy,Classic Paneer Pack of 2,/product-icons/generated/dairy-paneer-0533.webp,"dairy,paneer,pack-of-2,classic"
534,dairy-paneer-0534,dairy,Classic Paneer Pack of 4,/product-icons/generated/dairy-paneer-0534.webp,"dairy,paneer,pack-of-4,classic"
535,dairy-paneer-0535,dairy,Classic Paneer Pack of 6,/product-icons/generated/dairy-paneer-0535.webp,"dairy,paneer,pack-of-6,classic"
536,dairy-paneer-0536,dairy,Classic Paneer Family Pack,/product-icons/generated/dairy-paneer-0536.webp,"dairy,paneer,family-pack,classic"
537,dairy-paneer-0537,dairy,Classic Paneer Mini,/product-icons/generated/dairy-paneer-0537.webp,"dairy,paneer,mini,classic"
538,dairy-paneer-0538,dairy,Classic Paneer Regular,/product-icons/generated/dairy-paneer-0538.webp,"dairy,paneer,regular,classic"
539,dairy-paneer-0539,dairy,Classic Paneer Premium,/product-icons/generated/dairy-paneer-0539.webp,"dairy,paneer,premium,classic"
540,dairy-paneer-0540,dairy,Classic Paneer Value,/product-icons/generated/dairy-paneer-0540.webp,"dairy,paneer,value,classic"
541,dairy-butter-0541,dairy,FreshFarm Butter 100 g,/product-icons/generated/dairy-butter-0541.webp,"dairy,butter,100-g,freshfarm"
542,dairy-butter-0542,dairy,FreshFarm Butter 200 g,/product-icons/generated/dairy-butter-0542.webp,"dairy,butter,200-g,freshfarm"
543,dairy-butter-0543,dairy,FreshFarm Butter 250 g,/product-icons/generated/dairy-butter-0543.webp,"dairy,butter,250-g,freshfarm"
544,dairy-butter-0544,dairy,FreshFarm Butter 500 g,/product-icons/generated/dairy-butter-0544.webp,"dairy,butter,500-g,freshfarm"
545,dairy-butter-0545,dairy,FreshFarm Butter 1 kg,/product-icons/generated/dairy-butter-0545.webp,"dairy,butter,1-kg,freshfarm"
546,dairy-butter-0546,dairy,FreshFarm Butter 100 ml,/product-icons/generated/dairy-butter-0546.webp,"dairy,butter,100-ml,freshfarm"
547,dairy-butter-0547,dairy,FreshFarm Butter 200 ml,/product-icons/generated/dairy-butter-0547.webp,"dairy,butter,200-ml,freshfarm"
548,dairy-butter-0548,dairy,FreshFarm Butter 500 ml,/product-icons/generated/dairy-butter-0548.webp,"dairy,butter,500-ml,freshfarm"
549,dairy-butter-0549,dairy,FreshFarm Butter 1 L,/product-icons/generated/dairy-butter-0549.webp,"dairy,butter,1-l,freshfarm"
550,dairy-butter-0550,dairy,FreshFarm Butter 2 L,/product-icons/generated/dairy-butter-0550.webp,"dairy,butter,2-l,freshfarm"
551,dairy-butter-0551,dairy,FreshFarm Butter Pack of 2,/product-icons/generated/dairy-butter-0551.webp,"dairy,butter,pack-of-2,freshfarm"
552,dairy-butter-0552,dairy,FreshFarm Butter Pack of 4,/product-icons/generated/dairy-butter-0552.webp,"dairy,butter,pack-of-4,freshfarm"
553,dairy-butter-0553,dairy,FreshFarm Butter Pack of 6,/product-icons/generated/dairy-butter-0553.webp,"dairy,butter,pack-of-6,freshfarm"
554,dairy-butter-0554,dairy,FreshFarm Butter Family Pack,/product-icons/generated/dairy-butter-0554.webp,"dairy,butter,family-pack,freshfarm"
555,dairy-butter-0555,dairy,FreshFarm Butter Mini,/product-icons/generated/dairy-butter-0555.webp,"dairy,butter,mini,freshfarm"
556,dairy-butter-0556,dairy,FreshFarm Butter Regular,/product-icons/generated/dairy-butter-0556.webp,"dairy,butter,regular,freshfarm"
557,dairy-butter-0557,dairy,FreshFarm Butter Premium,/product-icons/generated/dairy-butter-0557.webp,"dairy,butter,premium,freshfarm"
558,dairy-butter-0558,dairy,FreshFarm Butter Value,/product-icons/generated/dairy-butter-0558.webp,"dairy,butter,value,freshfarm"
559,dairy-butter-0559,dairy,DailyChoice Butter 100 g,/product-icons/generated/dairy-butter-0559.webp,"dairy,butter,100-g,dailychoice"
560,dairy-butter-0560,dairy,DailyChoice Butter 200 g,/product-icons/generated/dairy-butter-0560.webp,"dairy,butter,200-g,dailychoice"
561,dairy-butter-0561,dairy,DailyChoice Butter 250 g,/product-icons/generated/dairy-butter-0561.webp,"dairy,butter,250-g,dailychoice"
562,dairy-butter-0562,dairy,DailyChoice Butter 500 g,/product-icons/generated/dairy-butter-0562.webp,"dairy,butter,500-g,dailychoice"
563,dairy-butter-0563,dairy,DailyChoice Butter 1 kg,/product-icons/generated/dairy-butter-0563.webp,"dairy,butter,1-kg,dailychoice"
564,dairy-butter-0564,dairy,DailyChoice Butter 100 ml,/product-icons/generated/dairy-butter-0564.webp,"dairy,butter,100-ml,dailychoice"
565,dairy-butter-0565,dairy,DailyChoice Butter 200 ml,/product-icons/generated/dairy-butter-0565.webp,"dairy,butter,200-ml,dailychoice"
566,dairy-butter-0566,dairy,DailyChoice Butter 500 ml,/product-icons/generated/dairy-butter-0566.webp,"dairy,butter,500-ml,dailychoice"
567,dairy-butter-0567,dairy,DailyChoice Butter 1 L,/product-icons/generated/dairy-butter-0567.webp,"dairy,butter,1-l,dailychoice"
568,dairy-butter-0568,dairy,DailyChoice Butter 2 L,/product-icons/generated/dairy-butter-0568.webp,"dairy,butter,2-l,dailychoice"
569,dairy-butter-0569,dairy,DailyChoice Butter Pack of 2,/product-icons/generated/dairy-butter-0569.webp,"dairy,butter,pack-of-2,dailychoice"
570,dairy-butter-0570,dairy,DailyChoice Butter Pack of 4,/product-icons/generated/dairy-butter-0570.webp,"dairy,butter,pack-of-4,dailychoice"
571,dairy-butter-0571,dairy,DailyChoice Butter Pack of 6,/product-icons/generated/dairy-butter-0571.webp,"dairy,butter,pack-of-6,dailychoice"
572,dairy-butter-0572,dairy,DailyChoice Butter Family Pack,/product-icons/generated/dairy-butter-0572.webp,"dairy,butter,family-pack,dailychoice"
573,dairy-butter-0573,dairy,DailyChoice Butter Mini,/product-icons/generated/dairy-butter-0573.webp,"dairy,butter,mini,dailychoice"
574,dairy-butter-0574,dairy,DailyChoice Butter Regular,/product-icons/generated/dairy-butter-0574.webp,"dairy,butter,regular,dailychoice"
575,dairy-butter-0575,dairy,DailyChoice Butter Premium,/product-icons/generated/dairy-butter-0575.webp,"dairy,butter,premium,dailychoice"
576,dairy-butter-0576,dairy,DailyChoice Butter Value,/product-icons/generated/dairy-butter-0576.webp,"dairy,butter,value,dailychoice"
577,dairy-butter-0577,dairy,QuickMart Butter 100 g,/product-icons/generated/dairy-butter-0577.webp,"dairy,butter,100-g,quickmart"
578,dairy-butter-0578,dairy,QuickMart Butter 200 g,/product-icons/generated/dairy-butter-0578.webp,"dairy,butter,200-g,quickmart"
579,dairy-butter-0579,dairy,QuickMart Butter 250 g,/product-icons/generated/dairy-butter-0579.webp,"dairy,butter,250-g,quickmart"
580,dairy-butter-0580,dairy,QuickMart Butter 500 g,/product-icons/generated/dairy-butter-0580.webp,"dairy,butter,500-g,quickmart"
581,dairy-butter-0581,dairy,QuickMart Butter 1 kg,/product-icons/generated/dairy-butter-0581.webp,"dairy,butter,1-kg,quickmart"
582,dairy-butter-0582,dairy,QuickMart Butter 100 ml,/product-icons/generated/dairy-butter-0582.webp,"dairy,butter,100-ml,quickmart"
583,dairy-butter-0583,dairy,QuickMart Butter 200 ml,/product-icons/generated/dairy-butter-0583.webp,"dairy,butter,200-ml,quickmart"
584,dairy-butter-0584,dairy,QuickMart Butter 500 ml,/product-icons/generated/dairy-butter-0584.webp,"dairy,butter,500-ml,quickmart"
585,dairy-butter-0585,dairy,QuickMart Butter 1 L,/product-icons/generated/dairy-butter-0585.webp,"dairy,butter,1-l,quickmart"
586,dairy-butter-0586,dairy,QuickMart Butter 2 L,/product-icons/generated/dairy-butter-0586.webp,"dairy,butter,2-l,quickmart"
587,dairy-butter-0587,dairy,QuickMart Butter Pack of 2,/product-icons/generated/dairy-butter-0587.webp,"dairy,butter,pack-of-2,quickmart"
588,dairy-butter-0588,dairy,QuickMart Butter Pack of 4,/product-icons/generated/dairy-butter-0588.webp,"dairy,butter,pack-of-4,quickmart"
589,dairy-butter-0589,dairy,QuickMart Butter Pack of 6,/product-icons/generated/dairy-butter-0589.webp,"dairy,butter,pack-of-6,quickmart"
590,dairy-butter-0590,dairy,QuickMart Butter Family Pack,/product-icons/generated/dairy-butter-0590.webp,"dairy,butter,family-pack,quickmart"
591,dairy-butter-0591,dairy,QuickMart Butter Mini,/product-icons/generated/dairy-butter-0591.webp,"dairy,butter,mini,quickmart"
592,dairy-butter-0592,dairy,QuickMart Butter Regular,/product-icons/generated/dairy-butter-0592.webp,"dairy,butter,regular,quickmart"
593,dairy-butter-0593,dairy,QuickMart Butter Premium,/product-icons/generated/dairy-butter-0593.webp,"dairy,butter,premium,quickmart"
594,dairy-butter-0594,dairy,QuickMart Butter Value,/product-icons/generated/dairy-butter-0594.webp,"dairy,butter,value,quickmart"
595,dairy-butter-0595,dairy,SmartBuy Butter 100 g,/product-icons/generated/dairy-butter-0595.webp,"dairy,butter,100-g,smartbuy"
596,dairy-butter-0596,dairy,SmartBuy Butter 200 g,/product-icons/generated/dairy-butter-0596.webp,"dairy,butter,200-g,smartbuy"
597,dairy-butter-0597,dairy,SmartBuy Butter 250 g,/product-icons/generated/dairy-butter-0597.webp,"dairy,butter,250-g,smartbuy"
598,dairy-butter-0598,dairy,SmartBuy Butter 500 g,/product-icons/generated/dairy-butter-0598.webp,"dairy,butter,500-g,smartbuy"
599,dairy-butter-0599,dairy,SmartBuy Butter 1 kg,/product-icons/generated/dairy-butter-0599.webp,"dairy,butter,1-kg,smartbuy"
600,dairy-butter-0600,dairy,SmartBuy Butter 100 ml,/product-icons/generated/dairy-butter-0600.webp,"dairy,butter,100-ml,smartbuy"
601,dairy-butter-0601,dairy,SmartBuy Butter 200 ml,/product-icons/generated/dairy-butter-0601.webp,"dairy,butter,200-ml,smartbuy"
602,dairy-butter-0602,dairy,SmartBuy Butter 500 ml,/product-icons/generated/dairy-butter-0602.webp,"dairy,butter,500-ml,smartbuy"
603,dairy-butter-0603,dairy,SmartBuy Butter 1 L,/product-icons/generated/dairy-butter-0603.webp,"dairy,butter,1-l,smartbuy"
604,dairy-butter-0604,dairy,SmartBuy Butter 2 L,/product-icons/generated/dairy-butter-0604.webp,"dairy,butter,2-l,smartbuy"
605,dairy-butter-0605,dairy,SmartBuy Butter Pack of 2,/product-icons/generated/dairy-butter-0605.webp,"dairy,butter,pack-of-2,smartbuy"
606,dairy-butter-0606,dairy,SmartBuy Butter Pack of 4,/product-icons/generated/dairy-butter-0606.webp,"dairy,butter,pack-of-4,smartbuy"
607,dairy-butter-0607,dairy,SmartBuy Butter Pack of 6,/product-icons/generated/dairy-butter-0607.webp,"dairy,butter,pack-of-6,smartbuy"
608,dairy-butter-0608,dairy,SmartBuy Butter Family Pack,/product-icons/generated/dairy-butter-0608.webp,"dairy,butter,family-pack,smartbuy"
609,dairy-butter-0609,dairy,SmartBuy Butter Mini,/product-icons/generated/dairy-butter-0609.webp,"dairy,butter,mini,smartbuy"
610,dairy-butter-0610,dairy,SmartBuy Butter Regular,/product-icons/generated/dairy-butter-0610.webp,"dairy,butter,regular,smartbuy"
611,dairy-butter-0611,dairy,SmartBuy Butter Premium,/product-icons/generated/dairy-butter-0611.webp,"dairy,butter,premium,smartbuy"
612,dairy-butter-0612,dairy,SmartBuy Butter Value,/product-icons/generated/dairy-butter-0612.webp,"dairy,butter,value,smartbuy"
613,dairy-butter-0613,dairy,HomeSelect Butter 100 g,/product-icons/generated/dairy-butter-0613.webp,"dairy,butter,100-g,homeselect"
614,dairy-butter-0614,dairy,HomeSelect Butter 200 g,/product-icons/generated/dairy-butter-0614.webp,"dairy,butter,200-g,homeselect"
615,dairy-butter-0615,dairy,HomeSelect Butter 250 g,/product-icons/generated/dairy-butter-0615.webp,"dairy,butter,250-g,homeselect"
616,dairy-butter-0616,dairy,HomeSelect Butter 500 g,/product-icons/generated/dairy-butter-0616.webp,"dairy,butter,500-g,homeselect"
617,dairy-butter-0617,dairy,HomeSelect Butter 1 kg,/product-icons/generated/dairy-butter-0617.webp,"dairy,butter,1-kg,homeselect"
618,dairy-butter-0618,dairy,HomeSelect Butter 100 ml,/product-icons/generated/dairy-butter-0618.webp,"dairy,butter,100-ml,homeselect"
619,dairy-butter-0619,dairy,HomeSelect Butter 200 ml,/product-icons/generated/dairy-butter-0619.webp,"dairy,butter,200-ml,homeselect"
620,dairy-butter-0620,dairy,HomeSelect Butter 500 ml,/product-icons/generated/dairy-butter-0620.webp,"dairy,butter,500-ml,homeselect"
621,dairy-butter-0621,dairy,HomeSelect Butter 1 L,/product-icons/generated/dairy-butter-0621.webp,"dairy,butter,1-l,homeselect"
622,dairy-butter-0622,dairy,HomeSelect Butter 2 L,/product-icons/generated/dairy-butter-0622.webp,"dairy,butter,2-l,homeselect"
623,dairy-butter-0623,dairy,HomeSelect Butter Pack of 2,/product-icons/generated/dairy-butter-0623.webp,"dairy,butter,pack-of-2,homeselect"
624,dairy-butter-0624,dairy,HomeSelect Butter Pack of 4,/product-icons/generated/dairy-butter-0624.webp,"dairy,butter,pack-of-4,homeselect"
625,dairy-butter-0625,dairy,HomeSelect Butter Pack of 6,/product-icons/generated/dairy-butter-0625.webp,"dairy,butter,pack-of-6,homeselect"
626,dairy-butter-0626,dairy,HomeSelect Butter Family Pack,/product-icons/generated/dairy-butter-0626.webp,"dairy,butter,family-pack,homeselect"
627,dairy-butter-0627,dairy,HomeSelect Butter Mini,/product-icons/generated/dairy-butter-0627.webp,"dairy,butter,mini,homeselect"
628,dairy-butter-0628,dairy,HomeSelect Butter Regular,/product-icons/generated/dairy-butter-0628.webp,"dairy,butter,regular,homeselect"
629,dairy-butter-0629,dairy,HomeSelect Butter Premium,/product-icons/generated/dairy-butter-0629.webp,"dairy,butter,premium,homeselect"
630,dairy-butter-0630,dairy,HomeSelect Butter Value,/product-icons/generated/dairy-butter-0630.webp,"dairy,butter,value,homeselect"
631,dairy-butter-0631,dairy,PrimeValue Butter 100 g,/product-icons/generated/dairy-butter-0631.webp,"dairy,butter,100-g,primevalue"
632,dairy-butter-0632,dairy,PrimeValue Butter 200 g,/product-icons/generated/dairy-butter-0632.webp,"dairy,butter,200-g,primevalue"
633,dairy-butter-0633,dairy,PrimeValue Butter 250 g,/product-icons/generated/dairy-butter-0633.webp,"dairy,butter,250-g,primevalue"
634,dairy-butter-0634,dairy,PrimeValue Butter 500 g,/product-icons/generated/dairy-butter-0634.webp,"dairy,butter,500-g,primevalue"
635,dairy-butter-0635,dairy,PrimeValue Butter 1 kg,/product-icons/generated/dairy-butter-0635.webp,"dairy,butter,1-kg,primevalue"
636,dairy-butter-0636,dairy,PrimeValue Butter 100 ml,/product-icons/generated/dairy-butter-0636.webp,"dairy,butter,100-ml,primevalue"
637,dairy-butter-0637,dairy,PrimeValue Butter 200 ml,/product-icons/generated/dairy-butter-0637.webp,"dairy,butter,200-ml,primevalue"
638,dairy-butter-0638,dairy,PrimeValue Butter 500 ml,/product-icons/generated/dairy-butter-0638.webp,"dairy,butter,500-ml,primevalue"
639,dairy-butter-0639,dairy,PrimeValue Butter 1 L,/product-icons/generated/dairy-butter-0639.webp,"dairy,butter,1-l,primevalue"
640,dairy-butter-0640,dairy,PrimeValue Butter 2 L,/product-icons/generated/dairy-butter-0640.webp,"dairy,butter,2-l,primevalue"
641,dairy-butter-0641,dairy,PrimeValue Butter Pack of 2,/product-icons/generated/dairy-butter-0641.webp,"dairy,butter,pack-of-2,primevalue"
642,dairy-butter-0642,dairy,PrimeValue Butter Pack of 4,/product-icons/generated/dairy-butter-0642.webp,"dairy,butter,pack-of-4,primevalue"
643,dairy-butter-0643,dairy,PrimeValue Butter Pack of 6,/product-icons/generated/dairy-butter-0643.webp,"dairy,butter,pack-of-6,primevalue"
644,dairy-butter-0644,dairy,PrimeValue Butter Family Pack,/product-icons/generated/dairy-butter-0644.webp,"dairy,butter,family-pack,primevalue"
645,dairy-butter-0645,dairy,PrimeValue Butter Mini,/product-icons/generated/dairy-butter-0645.webp,"dairy,butter,mini,primevalue"
646,dairy-butter-0646,dairy,PrimeValue Butter Regular,/product-icons/generated/dairy-butter-0646.webp,"dairy,butter,regular,primevalue"
647,dairy-butter-0647,dairy,PrimeValue Butter Premium,/product-icons/generated/dairy-butter-0647.webp,"dairy,butter,premium,primevalue"
648,dairy-butter-0648,dairy,PrimeValue Butter Value,/product-icons/generated/dairy-butter-0648.webp,"dairy,butter,value,primevalue"
649,dairy-butter-0649,dairy,StoreBest Butter 100 g,/product-icons/generated/dairy-butter-0649.webp,"dairy,butter,100-g,storebest"
650,dairy-butter-0650,dairy,StoreBest Butter 200 g,/product-icons/generated/dairy-butter-0650.webp,"dairy,butter,200-g,storebest"
651,dairy-butter-0651,dairy,StoreBest Butter 250 g,/product-icons/generated/dairy-butter-0651.webp,"dairy,butter,250-g,storebest"
652,dairy-butter-0652,dairy,StoreBest Butter 500 g,/product-icons/generated/dairy-butter-0652.webp,"dairy,butter,500-g,storebest"
653,dairy-butter-0653,dairy,StoreBest Butter 1 kg,/product-icons/generated/dairy-butter-0653.webp,"dairy,butter,1-kg,storebest"
654,dairy-butter-0654,dairy,StoreBest Butter 100 ml,/product-icons/generated/dairy-butter-0654.webp,"dairy,butter,100-ml,storebest"
655,dairy-butter-0655,dairy,StoreBest Butter 200 ml,/product-icons/generated/dairy-butter-0655.webp,"dairy,butter,200-ml,storebest"
656,dairy-butter-0656,dairy,StoreBest Butter 500 ml,/product-icons/generated/dairy-butter-0656.webp,"dairy,butter,500-ml,storebest"
657,dairy-butter-0657,dairy,StoreBest Butter 1 L,/product-icons/generated/dairy-butter-0657.webp,"dairy,butter,1-l,storebest"
658,dairy-butter-0658,dairy,StoreBest Butter 2 L,/product-icons/generated/dairy-butter-0658.webp,"dairy,butter,2-l,storebest"
659,dairy-butter-0659,dairy,StoreBest Butter Pack of 2,/product-icons/generated/dairy-butter-0659.webp,"dairy,butter,pack-of-2,storebest"
660,dairy-butter-0660,dairy,StoreBest Butter Pack of 4,/product-icons/generated/dairy-butter-0660.webp,"dairy,butter,pack-of-4,storebest"
661,dairy-butter-0661,dairy,StoreBest Butter Pack of 6,/product-icons/generated/dairy-butter-0661.webp,"dairy,butter,pack-of-6,storebest"
662,dairy-butter-0662,dairy,StoreBest Butter Family Pack,/product-icons/generated/dairy-butter-0662.webp,"dairy,butter,family-pack,storebest"
663,dairy-butter-0663,dairy,StoreBest Butter Mini,/product-icons/generated/dairy-butter-0663.webp,"dairy,butter,mini,storebest"
664,dairy-butter-0664,dairy,StoreBest Butter Regular,/product-icons/generated/dairy-butter-0664.webp,"dairy,butter,regular,storebest"
665,dairy-butter-0665,dairy,StoreBest Butter Premium,/product-icons/generated/dairy-butter-0665.webp,"dairy,butter,premium,storebest"
666,dairy-butter-0666,dairy,StoreBest Butter Value,/product-icons/generated/dairy-butter-0666.webp,"dairy,butter,value,storebest"
667,dairy-butter-0667,dairy,GoodLife Butter 100 g,/product-icons/generated/dairy-butter-0667.webp,"dairy,butter,100-g,goodlife"
668,dairy-butter-0668,dairy,GoodLife Butter 200 g,/product-icons/generated/dairy-butter-0668.webp,"dairy,butter,200-g,goodlife"
669,dairy-butter-0669,dairy,GoodLife Butter 250 g,/product-icons/generated/dairy-butter-0669.webp,"dairy,butter,250-g,goodlife"
670,dairy-butter-0670,dairy,GoodLife Butter 500 g,/product-icons/generated/dairy-butter-0670.webp,"dairy,butter,500-g,goodlife"
671,dairy-butter-0671,dairy,GoodLife Butter 1 kg,/product-icons/generated/dairy-butter-0671.webp,"dairy,butter,1-kg,goodlife"
672,dairy-butter-0672,dairy,GoodLife Butter 100 ml,/product-icons/generated/dairy-butter-0672.webp,"dairy,butter,100-ml,goodlife"
673,dairy-butter-0673,dairy,GoodLife Butter 200 ml,/product-icons/generated/dairy-butter-0673.webp,"dairy,butter,200-ml,goodlife"
674,dairy-butter-0674,dairy,GoodLife Butter 500 ml,/product-icons/generated/dairy-butter-0674.webp,"dairy,butter,500-ml,goodlife"
675,dairy-butter-0675,dairy,GoodLife Butter 1 L,/product-icons/generated/dairy-butter-0675.webp,"dairy,butter,1-l,goodlife"
676,dairy-butter-0676,dairy,GoodLife Butter 2 L,/product-icons/generated/dairy-butter-0676.webp,"dairy,butter,2-l,goodlife"
677,dairy-butter-0677,dairy,GoodLife Butter Pack of 2,/product-icons/generated/dairy-butter-0677.webp,"dairy,butter,pack-of-2,goodlife"
678,dairy-butter-0678,dairy,GoodLife Butter Pack of 4,/product-icons/generated/dairy-butter-0678.webp,"dairy,butter,pack-of-4,goodlife"
679,dairy-butter-0679,dairy,GoodLife Butter Pack of 6,/product-icons/generated/dairy-butter-0679.webp,"dairy,butter,pack-of-6,goodlife"
680,dairy-butter-0680,dairy,GoodLife Butter Family Pack,/product-icons/generated/dairy-butter-0680.webp,"dairy,butter,family-pack,goodlife"
681,dairy-butter-0681,dairy,GoodLife Butter Mini,/product-icons/generated/dairy-butter-0681.webp,"dairy,butter,mini,goodlife"
682,dairy-butter-0682,dairy,GoodLife Butter Regular,/product-icons/generated/dairy-butter-0682.webp,"dairy,butter,regular,goodlife"
683,dairy-butter-0683,dairy,GoodLife Butter Premium,/product-icons/generated/dairy-butter-0683.webp,"dairy,butter,premium,goodlife"
684,dairy-butter-0684,dairy,GoodLife Butter Value,/product-icons/generated/dairy-butter-0684.webp,"dairy,butter,value,goodlife"
685,dairy-butter-0685,dairy,CityFresh Butter 100 g,/product-icons/generated/dairy-butter-0685.webp,"dairy,butter,100-g,cityfresh"
686,dairy-butter-0686,dairy,CityFresh Butter 200 g,/product-icons/generated/dairy-butter-0686.webp,"dairy,butter,200-g,cityfresh"
687,dairy-butter-0687,dairy,CityFresh Butter 250 g,/product-icons/generated/dairy-butter-0687.webp,"dairy,butter,250-g,cityfresh"
688,dairy-butter-0688,dairy,CityFresh Butter 500 g,/product-icons/generated/dairy-butter-0688.webp,"dairy,butter,500-g,cityfresh"
689,dairy-butter-0689,dairy,CityFresh Butter 1 kg,/product-icons/generated/dairy-butter-0689.webp,"dairy,butter,1-kg,cityfresh"
690,dairy-butter-0690,dairy,CityFresh Butter 100 ml,/product-icons/generated/dairy-butter-0690.webp,"dairy,butter,100-ml,cityfresh"
691,dairy-butter-0691,dairy,CityFresh Butter 200 ml,/product-icons/generated/dairy-butter-0691.webp,"dairy,butter,200-ml,cityfresh"
692,dairy-butter-0692,dairy,CityFresh Butter 500 ml,/product-icons/generated/dairy-butter-0692.webp,"dairy,butter,500-ml,cityfresh"
693,dairy-butter-0693,dairy,CityFresh Butter 1 L,/product-icons/generated/dairy-butter-0693.webp,"dairy,butter,1-l,cityfresh"
694,dairy-butter-0694,dairy,CityFresh Butter 2 L,/product-icons/generated/dairy-butter-0694.webp,"dairy,butter,2-l,cityfresh"
695,dairy-butter-0695,dairy,CityFresh Butter Pack of 2,/product-icons/generated/dairy-butter-0695.webp,"dairy,butter,pack-of-2,cityfresh"
696,dairy-butter-0696,dairy,CityFresh Butter Pack of 4,/product-icons/generated/dairy-butter-0696.webp,"dairy,butter,pack-of-4,cityfresh"
697,dairy-butter-0697,dairy,CityFresh Butter Pack of 6,/product-icons/generated/dairy-butter-0697.webp,"dairy,butter,pack-of-6,cityfresh"
698,dairy-butter-0698,dairy,CityFresh Butter Family Pack,/product-icons/generated/dairy-butter-0698.webp,"dairy,butter,family-pack,cityfresh"
699,dairy-butter-0699,dairy,CityFresh Butter Mini,/product-icons/generated/dairy-butter-0699.webp,"dairy,butter,mini,cityfresh"
700,dairy-butter-0700,dairy,CityFresh Butter Regular,/product-icons/generated/dairy-butter-0700.webp,"dairy,butter,regular,cityfresh"
701,dairy-butter-0701,dairy,CityFresh Butter Premium,/product-icons/generated/dairy-butter-0701.webp,"dairy,butter,premium,cityfresh"
702,dairy-butter-0702,dairy,CityFresh Butter Value,/product-icons/generated/dairy-butter-0702.webp,"dairy,butter,value,cityfresh"
703,dairy-butter-0703,dairy,Classic Butter 100 g,/product-icons/generated/dairy-butter-0703.webp,"dairy,butter,100-g,classic"
704,dairy-butter-0704,dairy,Classic Butter 200 g,/product-icons/generated/dairy-butter-0704.webp,"dairy,butter,200-g,classic"
705,dairy-butter-0705,dairy,Classic Butter 250 g,/product-icons/generated/dairy-butter-0705.webp,"dairy,butter,250-g,classic"
706,dairy-butter-0706,dairy,Classic Butter 500 g,/product-icons/generated/dairy-butter-0706.webp,"dairy,butter,500-g,classic"
707,dairy-butter-0707,dairy,Classic Butter 1 kg,/product-icons/generated/dairy-butter-0707.webp,"dairy,butter,1-kg,classic"
708,dairy-butter-0708,dairy,Classic Butter 100 ml,/product-icons/generated/dairy-butter-0708.webp,"dairy,butter,100-ml,classic"
709,dairy-butter-0709,dairy,Classic Butter 200 ml,/product-icons/generated/dairy-butter-0709.webp,"dairy,butter,200-ml,classic"
710,dairy-butter-0710,dairy,Classic Butter 500 ml,/product-icons/generated/dairy-butter-0710.webp,"dairy,butter,500-ml,classic"
711,dairy-butter-0711,dairy,Classic Butter 1 L,/product-icons/generated/dairy-butter-0711.webp,"dairy,butter,1-l,classic"
712,dairy-butter-0712,dairy,Classic Butter 2 L,/product-icons/generated/dairy-butter-0712.webp,"dairy,butter,2-l,classic"
713,dairy-butter-0713,dairy,Classic Butter Pack of 2,/product-icons/generated/dairy-butter-0713.webp,"dairy,butter,pack-of-2,classic"
714,dairy-butter-0714,dairy,Classic Butter Pack of 4,/product-icons/generated/dairy-butter-0714.webp,"dairy,butter,pack-of-4,classic"
715,dairy-butter-0715,dairy,Classic Butter Pack of 6,/product-icons/generated/dairy-butter-0715.webp,"dairy,butter,pack-of-6,classic"
716,dairy-butter-0716,dairy,Classic Butter Family Pack,/product-icons/generated/dairy-butter-0716.webp,"dairy,butter,family-pack,classic"
717,dairy-butter-0717,dairy,Classic Butter Mini,/product-icons/generated/dairy-butter-0717.webp,"dairy,butter,mini,classic"
718,dairy-butter-0718,dairy,Classic Butter Regular,/product-icons/generated/dairy-butter-0718.webp,"dairy,butter,regular,classic"
719,dairy-butter-0719,dairy,Classic Butter Premium,/product-icons/generated/dairy-butter-0719.webp,"dairy,butter,premium,classic"
720,dairy-butter-0720,dairy,Classic Butter Value,/product-icons/generated/dairy-butter-0720.webp,"dairy,butter,value,classic"
721,dairy-cheese-0721,dairy,FreshFarm Cheese 100 g,/product-icons/generated/dairy-cheese-0721.webp,"dairy,cheese,100-g,freshfarm"
722,dairy-cheese-0722,dairy,FreshFarm Cheese 200 g,/product-icons/generated/dairy-cheese-0722.webp,"dairy,cheese,200-g,freshfarm"
723,dairy-cheese-0723,dairy,FreshFarm Cheese 250 g,/product-icons/generated/dairy-cheese-0723.webp,"dairy,cheese,250-g,freshfarm"
724,dairy-cheese-0724,dairy,FreshFarm Cheese 500 g,/product-icons/generated/dairy-cheese-0724.webp,"dairy,cheese,500-g,freshfarm"
725,dairy-cheese-0725,dairy,FreshFarm Cheese 1 kg,/product-icons/generated/dairy-cheese-0725.webp,"dairy,cheese,1-kg,freshfarm"
726,dairy-cheese-0726,dairy,FreshFarm Cheese 100 ml,/product-icons/generated/dairy-cheese-0726.webp,"dairy,cheese,100-ml,freshfarm"
727,dairy-cheese-0727,dairy,FreshFarm Cheese 200 ml,/product-icons/generated/dairy-cheese-0727.webp,"dairy,cheese,200-ml,freshfarm"
728,dairy-cheese-0728,dairy,FreshFarm Cheese 500 ml,/product-icons/generated/dairy-cheese-0728.webp,"dairy,cheese,500-ml,freshfarm"
729,dairy-cheese-0729,dairy,FreshFarm Cheese 1 L,/product-icons/generated/dairy-cheese-0729.webp,"dairy,cheese,1-l,freshfarm"
730,dairy-cheese-0730,dairy,FreshFarm Cheese 2 L,/product-icons/generated/dairy-cheese-0730.webp,"dairy,cheese,2-l,freshfarm"
731,dairy-cheese-0731,dairy,FreshFarm Cheese Pack of 2,/product-icons/generated/dairy-cheese-0731.webp,"dairy,cheese,pack-of-2,freshfarm"
732,dairy-cheese-0732,dairy,FreshFarm Cheese Pack of 4,/product-icons/generated/dairy-cheese-0732.webp,"dairy,cheese,pack-of-4,freshfarm"
733,dairy-cheese-0733,dairy,FreshFarm Cheese Pack of 6,/product-icons/generated/dairy-cheese-0733.webp,"dairy,cheese,pack-of-6,freshfarm"
734,dairy-cheese-0734,dairy,FreshFarm Cheese Family Pack,/product-icons/generated/dairy-cheese-0734.webp,"dairy,cheese,family-pack,freshfarm"
735,dairy-cheese-0735,dairy,FreshFarm Cheese Mini,/product-icons/generated/dairy-cheese-0735.webp,"dairy,cheese,mini,freshfarm"
736,dairy-cheese-0736,dairy,FreshFarm Cheese Regular,/product-icons/generated/dairy-cheese-0736.webp,"dairy,cheese,regular,freshfarm"
737,dairy-cheese-0737,dairy,FreshFarm Cheese Premium,/product-icons/generated/dairy-cheese-0737.webp,"dairy,cheese,premium,freshfarm"
738,dairy-cheese-0738,dairy,FreshFarm Cheese Value,/product-icons/generated/dairy-cheese-0738.webp,"dairy,cheese,value,freshfarm"
739,dairy-cheese-0739,dairy,DailyChoice Cheese 100 g,/product-icons/generated/dairy-cheese-0739.webp,"dairy,cheese,100-g,dailychoice"
740,dairy-cheese-0740,dairy,DailyChoice Cheese 200 g,/product-icons/generated/dairy-cheese-0740.webp,"dairy,cheese,200-g,dailychoice"
741,dairy-cheese-0741,dairy,DailyChoice Cheese 250 g,/product-icons/generated/dairy-cheese-0741.webp,"dairy,cheese,250-g,dailychoice"
742,dairy-cheese-0742,dairy,DailyChoice Cheese 500 g,/product-icons/generated/dairy-cheese-0742.webp,"dairy,cheese,500-g,dailychoice"
743,dairy-cheese-0743,dairy,DailyChoice Cheese 1 kg,/product-icons/generated/dairy-cheese-0743.webp,"dairy,cheese,1-kg,dailychoice"
744,dairy-cheese-0744,dairy,DailyChoice Cheese 100 ml,/product-icons/generated/dairy-cheese-0744.webp,"dairy,cheese,100-ml,dailychoice"
745,dairy-cheese-0745,dairy,DailyChoice Cheese 200 ml,/product-icons/generated/dairy-cheese-0745.webp,"dairy,cheese,200-ml,dailychoice"
746,dairy-cheese-0746,dairy,DailyChoice Cheese 500 ml,/product-icons/generated/dairy-cheese-0746.webp,"dairy,cheese,500-ml,dailychoice"
747,dairy-cheese-0747,dairy,DailyChoice Cheese 1 L,/product-icons/generated/dairy-cheese-0747.webp,"dairy,cheese,1-l,dailychoice"
748,dairy-cheese-0748,dairy,DailyChoice Cheese 2 L,/product-icons/generated/dairy-cheese-0748.webp,"dairy,cheese,2-l,dailychoice"
749,dairy-cheese-0749,dairy,DailyChoice Cheese Pack of 2,/product-icons/generated/dairy-cheese-0749.webp,"dairy,cheese,pack-of-2,dailychoice"
750,dairy-cheese-0750,dairy,DailyChoice Cheese Pack of 4,/product-icons/generated/dairy-cheese-0750.webp,"dairy,cheese,pack-of-4,dailychoice"
751,dairy-cheese-0751,dairy,DailyChoice Cheese Pack of 6,/product-icons/generated/dairy-cheese-0751.webp,"dairy,cheese,pack-of-6,dailychoice"
752,dairy-cheese-0752,dairy,DailyChoice Cheese Family Pack,/product-icons/generated/dairy-cheese-0752.webp,"dairy,cheese,family-pack,dailychoice"
753,dairy-cheese-0753,dairy,DailyChoice Cheese Mini,/product-icons/generated/dairy-cheese-0753.webp,"dairy,cheese,mini,dailychoice"
754,dairy-cheese-0754,dairy,DailyChoice Cheese Regular,/product-icons/generated/dairy-cheese-0754.webp,"dairy,cheese,regular,dailychoice"
755,dairy-cheese-0755,dairy,DailyChoice Cheese Premium,/product-icons/generated/dairy-cheese-0755.webp,"dairy,cheese,premium,dailychoice"
756,dairy-cheese-0756,dairy,DailyChoice Cheese Value,/product-icons/generated/dairy-cheese-0756.webp,"dairy,cheese,value,dailychoice"
757,dairy-cheese-0757,dairy,QuickMart Cheese 100 g,/product-icons/generated/dairy-cheese-0757.webp,"dairy,cheese,100-g,quickmart"
758,dairy-cheese-0758,dairy,QuickMart Cheese 200 g,/product-icons/generated/dairy-cheese-0758.webp,"dairy,cheese,200-g,quickmart"
759,dairy-cheese-0759,dairy,QuickMart Cheese 250 g,/product-icons/generated/dairy-cheese-0759.webp,"dairy,cheese,250-g,quickmart"
760,dairy-cheese-0760,dairy,QuickMart Cheese 500 g,/product-icons/generated/dairy-cheese-0760.webp,"dairy,cheese,500-g,quickmart"
761,dairy-cheese-0761,dairy,QuickMart Cheese 1 kg,/product-icons/generated/dairy-cheese-0761.webp,"dairy,cheese,1-kg,quickmart"
762,dairy-cheese-0762,dairy,QuickMart Cheese 100 ml,/product-icons/generated/dairy-cheese-0762.webp,"dairy,cheese,100-ml,quickmart"
763,dairy-cheese-0763,dairy,QuickMart Cheese 200 ml,/product-icons/generated/dairy-cheese-0763.webp,"dairy,cheese,200-ml,quickmart"
764,dairy-cheese-0764,dairy,QuickMart Cheese 500 ml,/product-icons/generated/dairy-cheese-0764.webp,"dairy,cheese,500-ml,quickmart"
765,dairy-cheese-0765,dairy,QuickMart Cheese 1 L,/product-icons/generated/dairy-cheese-0765.webp,"dairy,cheese,1-l,quickmart"
766,dairy-cheese-0766,dairy,QuickMart Cheese 2 L,/product-icons/generated/dairy-cheese-0766.webp,"dairy,cheese,2-l,quickmart"
767,dairy-cheese-0767,dairy,QuickMart Cheese Pack of 2,/product-icons/generated/dairy-cheese-0767.webp,"dairy,cheese,pack-of-2,quickmart"
768,dairy-cheese-0768,dairy,QuickMart Cheese Pack of 4,/product-icons/generated/dairy-cheese-0768.webp,"dairy,cheese,pack-of-4,quickmart"
769,dairy-cheese-0769,dairy,QuickMart Cheese Pack of 6,/product-icons/generated/dairy-cheese-0769.webp,"dairy,cheese,pack-of-6,quickmart"
770,dairy-cheese-0770,dairy,QuickMart Cheese Family Pack,/product-icons/generated/dairy-cheese-0770.webp,"dairy,cheese,family-pack,quickmart"
771,dairy-cheese-0771,dairy,QuickMart Cheese Mini,/product-icons/generated/dairy-cheese-0771.webp,"dairy,cheese,mini,quickmart"
772,dairy-cheese-0772,dairy,QuickMart Cheese Regular,/product-icons/generated/dairy-cheese-0772.webp,"dairy,cheese,regular,quickmart"
773,dairy-cheese-0773,dairy,QuickMart Cheese Premium,/product-icons/generated/dairy-cheese-0773.webp,"dairy,cheese,premium,quickmart"
774,dairy-cheese-0774,dairy,QuickMart Cheese Value,/product-icons/generated/dairy-cheese-0774.webp,"dairy,cheese,value,quickmart"
775,dairy-cheese-0775,dairy,SmartBuy Cheese 100 g,/product-icons/generated/dairy-cheese-0775.webp,"dairy,cheese,100-g,smartbuy"
776,dairy-cheese-0776,dairy,SmartBuy Cheese 200 g,/product-icons/generated/dairy-cheese-0776.webp,"dairy,cheese,200-g,smartbuy"
777,dairy-cheese-0777,dairy,SmartBuy Cheese 250 g,/product-icons/generated/dairy-cheese-0777.webp,"dairy,cheese,250-g,smartbuy"
778,dairy-cheese-0778,dairy,SmartBuy Cheese 500 g,/product-icons/generated/dairy-cheese-0778.webp,"dairy,cheese,500-g,smartbuy"
779,dairy-cheese-0779,dairy,SmartBuy Cheese 1 kg,/product-icons/generated/dairy-cheese-0779.webp,"dairy,cheese,1-kg,smartbuy"
780,dairy-cheese-0780,dairy,SmartBuy Cheese 100 ml,/product-icons/generated/dairy-cheese-0780.webp,"dairy,cheese,100-ml,smartbuy"
781,dairy-cheese-0781,dairy,SmartBuy Cheese 200 ml,/product-icons/generated/dairy-cheese-0781.webp,"dairy,cheese,200-ml,smartbuy"
782,dairy-cheese-0782,dairy,SmartBuy Cheese 500 ml,/product-icons/generated/dairy-cheese-0782.webp,"dairy,cheese,500-ml,smartbuy"
783,dairy-cheese-0783,dairy,SmartBuy Cheese 1 L,/product-icons/generated/dairy-cheese-0783.webp,"dairy,cheese,1-l,smartbuy"
784,dairy-cheese-0784,dairy,SmartBuy Cheese 2 L,/product-icons/generated/dairy-cheese-0784.webp,"dairy,cheese,2-l,smartbuy"
785,dairy-cheese-0785,dairy,SmartBuy Cheese Pack of 2,/product-icons/generated/dairy-cheese-0785.webp,"dairy,cheese,pack-of-2,smartbuy"
786,dairy-cheese-0786,dairy,SmartBuy Cheese Pack of 4,/product-icons/generated/dairy-cheese-0786.webp,"dairy,cheese,pack-of-4,smartbuy"
787,dairy-cheese-0787,dairy,SmartBuy Cheese Pack of 6,/product-icons/generated/dairy-cheese-0787.webp,"dairy,cheese,pack-of-6,smartbuy"
788,dairy-cheese-0788,dairy,SmartBuy Cheese Family Pack,/product-icons/generated/dairy-cheese-0788.webp,"dairy,cheese,family-pack,smartbuy"
789,dairy-cheese-0789,dairy,SmartBuy Cheese Mini,/product-icons/generated/dairy-cheese-0789.webp,"dairy,cheese,mini,smartbuy"
790,dairy-cheese-0790,dairy,SmartBuy Cheese Regular,/product-icons/generated/dairy-cheese-0790.webp,"dairy,cheese,regular,smartbuy"
791,dairy-cheese-0791,dairy,SmartBuy Cheese Premium,/product-icons/generated/dairy-cheese-0791.webp,"dairy,cheese,premium,smartbuy"
792,dairy-cheese-0792,dairy,SmartBuy Cheese Value,/product-icons/generated/dairy-cheese-0792.webp,"dairy,cheese,value,smartbuy"
793,dairy-cheese-0793,dairy,HomeSelect Cheese 100 g,/product-icons/generated/dairy-cheese-0793.webp,"dairy,cheese,100-g,homeselect"
794,dairy-cheese-0794,dairy,HomeSelect Cheese 200 g,/product-icons/generated/dairy-cheese-0794.webp,"dairy,cheese,200-g,homeselect"
795,dairy-cheese-0795,dairy,HomeSelect Cheese 250 g,/product-icons/generated/dairy-cheese-0795.webp,"dairy,cheese,250-g,homeselect"
796,dairy-cheese-0796,dairy,HomeSelect Cheese 500 g,/product-icons/generated/dairy-cheese-0796.webp,"dairy,cheese,500-g,homeselect"
797,dairy-cheese-0797,dairy,HomeSelect Cheese 1 kg,/product-icons/generated/dairy-cheese-0797.webp,"dairy,cheese,1-kg,homeselect"
798,dairy-cheese-0798,dairy,HomeSelect Cheese 100 ml,/product-icons/generated/dairy-cheese-0798.webp,"dairy,cheese,100-ml,homeselect"
799,dairy-cheese-0799,dairy,HomeSelect Cheese 200 ml,/product-icons/generated/dairy-cheese-0799.webp,"dairy,cheese,200-ml,homeselect"
800,dairy-cheese-0800,dairy,HomeSelect Cheese 500 ml,/product-icons/generated/dairy-cheese-0800.webp,"dairy,cheese,500-ml,homeselect"
801,dairy-cheese-0801,dairy,HomeSelect Cheese 1 L,/product-icons/generated/dairy-cheese-0801.webp,"dairy,cheese,1-l,homeselect"
802,dairy-cheese-0802,dairy,HomeSelect Cheese 2 L,/product-icons/generated/dairy-cheese-0802.webp,"dairy,cheese,2-l,homeselect"
803,dairy-cheese-0803,dairy,HomeSelect Cheese Pack of 2,/product-icons/generated/dairy-cheese-0803.webp,"dairy,cheese,pack-of-2,homeselect"
804,dairy-cheese-0804,dairy,HomeSelect Cheese Pack of 4,/product-icons/generated/dairy-cheese-0804.webp,"dairy,cheese,pack-of-4,homeselect"
805,dairy-cheese-0805,dairy,HomeSelect Cheese Pack of 6,/product-icons/generated/dairy-cheese-0805.webp,"dairy,cheese,pack-of-6,homeselect"
806,dairy-cheese-0806,dairy,HomeSelect Cheese Family Pack,/product-icons/generated/dairy-cheese-0806.webp,"dairy,cheese,family-pack,homeselect"
807,dairy-cheese-0807,dairy,HomeSelect Cheese Mini,/product-icons/generated/dairy-cheese-0807.webp,"dairy,cheese,mini,homeselect"
808,dairy-cheese-0808,dairy,HomeSelect Cheese Regular,/product-icons/generated/dairy-cheese-0808.webp,"dairy,cheese,regular,homeselect"
809,dairy-cheese-0809,dairy,HomeSelect Cheese Premium,/product-icons/generated/dairy-cheese-0809.webp,"dairy,cheese,premium,homeselect"
810,dairy-cheese-0810,dairy,HomeSelect Cheese Value,/product-icons/generated/dairy-cheese-0810.webp,"dairy,cheese,value,homeselect"
811,dairy-cheese-0811,dairy,PrimeValue Cheese 100 g,/product-icons/generated/dairy-cheese-0811.webp,"dairy,cheese,100-g,primevalue"
812,dairy-cheese-0812,dairy,PrimeValue Cheese 200 g,/product-icons/generated/dairy-cheese-0812.webp,"dairy,cheese,200-g,primevalue"
813,dairy-cheese-0813,dairy,PrimeValue Cheese 250 g,/product-icons/generated/dairy-cheese-0813.webp,"dairy,cheese,250-g,primevalue"
814,dairy-cheese-0814,dairy,PrimeValue Cheese 500 g,/product-icons/generated/dairy-cheese-0814.webp,"dairy,cheese,500-g,primevalue"
815,dairy-cheese-0815,dairy,PrimeValue Cheese 1 kg,/product-icons/generated/dairy-cheese-0815.webp,"dairy,cheese,1-kg,primevalue"
816,dairy-cheese-0816,dairy,PrimeValue Cheese 100 ml,/product-icons/generated/dairy-cheese-0816.webp,"dairy,cheese,100-ml,primevalue"
817,dairy-cheese-0817,dairy,PrimeValue Cheese 200 ml,/product-icons/generated/dairy-cheese-0817.webp,"dairy,cheese,200-ml,primevalue"
818,dairy-cheese-0818,dairy,PrimeValue Cheese 500 ml,/product-icons/generated/dairy-cheese-0818.webp,"dairy,cheese,500-ml,primevalue"
819,dairy-cheese-0819,dairy,PrimeValue Cheese 1 L,/product-icons/generated/dairy-cheese-0819.webp,"dairy,cheese,1-l,primevalue"
820,dairy-cheese-0820,dairy,PrimeValue Cheese 2 L,/product-icons/generated/dairy-cheese-0820.webp,"dairy,cheese,2-l,primevalue"
821,dairy-cheese-0821,dairy,PrimeValue Cheese Pack of 2,/product-icons/generated/dairy-cheese-0821.webp,"dairy,cheese,pack-of-2,primevalue"
822,dairy-cheese-0822,dairy,PrimeValue Cheese Pack of 4,/product-icons/generated/dairy-cheese-0822.webp,"dairy,cheese,pack-of-4,primevalue"
823,dairy-cheese-0823,dairy,PrimeValue Cheese Pack of 6,/product-icons/generated/dairy-cheese-0823.webp,"dairy,cheese,pack-of-6,primevalue"
824,dairy-cheese-0824,dairy,PrimeValue Cheese Family Pack,/product-icons/generated/dairy-cheese-0824.webp,"dairy,cheese,family-pack,primevalue"
825,dairy-cheese-0825,dairy,PrimeValue Cheese Mini,/product-icons/generated/dairy-cheese-0825.webp,"dairy,cheese,mini,primevalue"
826,dairy-cheese-0826,dairy,PrimeValue Cheese Regular,/product-icons/generated/dairy-cheese-0826.webp,"dairy,cheese,regular,primevalue"
827,dairy-cheese-0827,dairy,PrimeValue Cheese Premium,/product-icons/generated/dairy-cheese-0827.webp,"dairy,cheese,premium,primevalue"
828,dairy-cheese-0828,dairy,PrimeValue Cheese Value,/product-icons/generated/dairy-cheese-0828.webp,"dairy,cheese,value,primevalue"
829,dairy-cheese-0829,dairy,StoreBest Cheese 100 g,/product-icons/generated/dairy-cheese-0829.webp,"dairy,cheese,100-g,storebest"
830,dairy-cheese-0830,dairy,StoreBest Cheese 200 g,/product-icons/generated/dairy-cheese-0830.webp,"dairy,cheese,200-g,storebest"
831,dairy-cheese-0831,dairy,StoreBest Cheese 250 g,/product-icons/generated/dairy-cheese-0831.webp,"dairy,cheese,250-g,storebest"
832,dairy-cheese-0832,dairy,StoreBest Cheese 500 g,/product-icons/generated/dairy-cheese-0832.webp,"dairy,cheese,500-g,storebest"
833,dairy-cheese-0833,dairy,StoreBest Cheese 1 kg,/product-icons/generated/dairy-cheese-0833.webp,"dairy,cheese,1-kg,storebest"
834,dairy-cheese-0834,dairy,StoreBest Cheese 100 ml,/product-icons/generated/dairy-cheese-0834.webp,"dairy,cheese,100-ml,storebest"
835,dairy-cheese-0835,dairy,StoreBest Cheese 200 ml,/product-icons/generated/dairy-cheese-0835.webp,"dairy,cheese,200-ml,storebest"
836,dairy-cheese-0836,dairy,StoreBest Cheese 500 ml,/product-icons/generated/dairy-cheese-0836.webp,"dairy,cheese,500-ml,storebest"
837,dairy-cheese-0837,dairy,StoreBest Cheese 1 L,/product-icons/generated/dairy-cheese-0837.webp,"dairy,cheese,1-l,storebest"
838,dairy-cheese-0838,dairy,StoreBest Cheese 2 L,/product-icons/generated/dairy-cheese-0838.webp,"dairy,cheese,2-l,storebest"
839,dairy-cheese-0839,dairy,StoreBest Cheese Pack of 2,/product-icons/generated/dairy-cheese-0839.webp,"dairy,cheese,pack-of-2,storebest"
840,dairy-cheese-0840,dairy,StoreBest Cheese Pack of 4,/product-icons/generated/dairy-cheese-0840.webp,"dairy,cheese,pack-of-4,storebest"
841,dairy-cheese-0841,dairy,StoreBest Cheese Pack of 6,/product-icons/generated/dairy-cheese-0841.webp,"dairy,cheese,pack-of-6,storebest"
842,dairy-cheese-0842,dairy,StoreBest Cheese Family Pack,/product-icons/generated/dairy-cheese-0842.webp,"dairy,cheese,family-pack,storebest"
843,dairy-cheese-0843,dairy,StoreBest Cheese Mini,/product-icons/generated/dairy-cheese-0843.webp,"dairy,cheese,mini,storebest"
844,dairy-cheese-0844,dairy,StoreBest Cheese Regular,/product-icons/generated/dairy-cheese-0844.webp,"dairy,cheese,regular,storebest"
845,dairy-cheese-0845,dairy,StoreBest Cheese Premium,/product-icons/generated/dairy-cheese-0845.webp,"dairy,cheese,premium,storebest"
846,dairy-cheese-0846,dairy,StoreBest Cheese Value,/product-icons/generated/dairy-cheese-0846.webp,"dairy,cheese,value,storebest"
847,dairy-cheese-0847,dairy,GoodLife Cheese 100 g,/product-icons/generated/dairy-cheese-0847.webp,"dairy,cheese,100-g,goodlife"
848,dairy-cheese-0848,dairy,GoodLife Cheese 200 g,/product-icons/generated/dairy-cheese-0848.webp,"dairy,cheese,200-g,goodlife"
849,dairy-cheese-0849,dairy,GoodLife Cheese 250 g,/product-icons/generated/dairy-cheese-0849.webp,"dairy,cheese,250-g,goodlife"
850,dairy-cheese-0850,dairy,GoodLife Cheese 500 g,/product-icons/generated/dairy-cheese-0850.webp,"dairy,cheese,500-g,goodlife"
851,dairy-cheese-0851,dairy,GoodLife Cheese 1 kg,/product-icons/generated/dairy-cheese-0851.webp,"dairy,cheese,1-kg,goodlife"
852,dairy-cheese-0852,dairy,GoodLife Cheese 100 ml,/product-icons/generated/dairy-cheese-0852.webp,"dairy,cheese,100-ml,goodlife"
853,dairy-cheese-0853,dairy,GoodLife Cheese 200 ml,/product-icons/generated/dairy-cheese-0853.webp,"dairy,cheese,200-ml,goodlife"
854,dairy-cheese-0854,dairy,GoodLife Cheese 500 ml,/product-icons/generated/dairy-cheese-0854.webp,"dairy,cheese,500-ml,goodlife"
855,dairy-cheese-0855,dairy,GoodLife Cheese 1 L,/product-icons/generated/dairy-cheese-0855.webp,"dairy,cheese,1-l,goodlife"
856,dairy-cheese-0856,dairy,GoodLife Cheese 2 L,/product-icons/generated/dairy-cheese-0856.webp,"dairy,cheese,2-l,goodlife"
857,dairy-cheese-0857,dairy,GoodLife Cheese Pack of 2,/product-icons/generated/dairy-cheese-0857.webp,"dairy,cheese,pack-of-2,goodlife"
858,dairy-cheese-0858,dairy,GoodLife Cheese Pack of 4,/product-icons/generated/dairy-cheese-0858.webp,"dairy,cheese,pack-of-4,goodlife"
859,dairy-cheese-0859,dairy,GoodLife Cheese Pack of 6,/product-icons/generated/dairy-cheese-0859.webp,"dairy,cheese,pack-of-6,goodlife"
860,dairy-cheese-0860,dairy,GoodLife Cheese Family Pack,/product-icons/generated/dairy-cheese-0860.webp,"dairy,cheese,family-pack,goodlife"
861,dairy-cheese-0861,dairy,GoodLife Cheese Mini,/product-icons/generated/dairy-cheese-0861.webp,"dairy,cheese,mini,goodlife"
862,dairy-cheese-0862,dairy,GoodLife Cheese Regular,/product-icons/generated/dairy-cheese-0862.webp,"dairy,cheese,regular,goodlife"
863,dairy-cheese-0863,dairy,GoodLife Cheese Premium,/product-icons/generated/dairy-cheese-0863.webp,"dairy,cheese,premium,goodlife"
864,dairy-cheese-0864,dairy,GoodLife Cheese Value,/product-icons/generated/dairy-cheese-0864.webp,"dairy,cheese,value,goodlife"
865,dairy-cheese-0865,dairy,CityFresh Cheese 100 g,/product-icons/generated/dairy-cheese-0865.webp,"dairy,cheese,100-g,cityfresh"
866,dairy-cheese-0866,dairy,CityFresh Cheese 200 g,/product-icons/generated/dairy-cheese-0866.webp,"dairy,cheese,200-g,cityfresh"
867,dairy-cheese-0867,dairy,CityFresh Cheese 250 g,/product-icons/generated/dairy-cheese-0867.webp,"dairy,cheese,250-g,cityfresh"
868,dairy-cheese-0868,dairy,CityFresh Cheese 500 g,/product-icons/generated/dairy-cheese-0868.webp,"dairy,cheese,500-g,cityfresh"
869,dairy-cheese-0869,dairy,CityFresh Cheese 1 kg,/product-icons/generated/dairy-cheese-0869.webp,"dairy,cheese,1-kg,cityfresh"
870,dairy-cheese-0870,dairy,CityFresh Cheese 100 ml,/product-icons/generated/dairy-cheese-0870.webp,"dairy,cheese,100-ml,cityfresh"
871,dairy-cheese-0871,dairy,CityFresh Cheese 200 ml,/product-icons/generated/dairy-cheese-0871.webp,"dairy,cheese,200-ml,cityfresh"
872,dairy-cheese-0872,dairy,CityFresh Cheese 500 ml,/product-icons/generated/dairy-cheese-0872.webp,"dairy,cheese,500-ml,cityfresh"
873,dairy-cheese-0873,dairy,CityFresh Cheese 1 L,/product-icons/generated/dairy-cheese-0873.webp,"dairy,cheese,1-l,cityfresh"
874,dairy-cheese-0874,dairy,CityFresh Cheese 2 L,/product-icons/generated/dairy-cheese-0874.webp,"dairy,cheese,2-l,cityfresh"
875,dairy-cheese-0875,dairy,CityFresh Cheese Pack of 2,/product-icons/generated/dairy-cheese-0875.webp,"dairy,cheese,pack-of-2,cityfresh"
876,dairy-cheese-0876,dairy,CityFresh Cheese Pack of 4,/product-icons/generated/dairy-cheese-0876.webp,"dairy,cheese,pack-of-4,cityfresh"
877,dairy-cheese-0877,dairy,CityFresh Cheese Pack of 6,/product-icons/generated/dairy-cheese-0877.webp,"dairy,cheese,pack-of-6,cityfresh"
878,dairy-cheese-0878,dairy,CityFresh Cheese Family Pack,/product-icons/generated/dairy-cheese-0878.webp,"dairy,cheese,family-pack,cityfresh"
879,dairy-cheese-0879,dairy,CityFresh Cheese Mini,/product-icons/generated/dairy-cheese-0879.webp,"dairy,cheese,mini,cityfresh"
880,dairy-cheese-0880,dairy,CityFresh Cheese Regular,/product-icons/generated/dairy-cheese-0880.webp,"dairy,cheese,regular,cityfresh"
881,dairy-cheese-0881,dairy,CityFresh Cheese Premium,/product-icons/generated/dairy-cheese-0881.webp,"dairy,cheese,premium,cityfresh"
882,dairy-cheese-0882,dairy,CityFresh Cheese Value,/product-icons/generated/dairy-cheese-0882.webp,"dairy,cheese,value,cityfresh"
883,dairy-cheese-0883,dairy,Classic Cheese 100 g,/product-icons/generated/dairy-cheese-0883.webp,"dairy,cheese,100-g,classic"
884,dairy-cheese-0884,dairy,Classic Cheese 200 g,/product-icons/generated/dairy-cheese-0884.webp,"dairy,cheese,200-g,classic"
885,dairy-cheese-0885,dairy,Classic Cheese 250 g,/product-icons/generated/dairy-cheese-0885.webp,"dairy,cheese,250-g,classic"
886,dairy-cheese-0886,dairy,Classic Cheese 500 g,/product-icons/generated/dairy-cheese-0886.webp,"dairy,cheese,500-g,classic"
887,dairy-cheese-0887,dairy,Classic Cheese 1 kg,/product-icons/generated/dairy-cheese-0887.webp,"dairy,cheese,1-kg,classic"
888,dairy-cheese-0888,dairy,Classic Cheese 100 ml,/product-icons/generated/dairy-cheese-0888.webp,"dairy,cheese,100-ml,classic"
889,dairy-cheese-0889,dairy,Classic Cheese 200 ml,/product-icons/generated/dairy-cheese-0889.webp,"dairy,cheese,200-ml,classic"
890,dairy-cheese-0890,dairy,Classic Cheese 500 ml,/product-icons/generated/dairy-cheese-0890.webp,"dairy,cheese,500-ml,classic"
891,dairy-cheese-0891,dairy,Classic Cheese 1 L,/product-icons/generated/dairy-cheese-0891.webp,"dairy,cheese,1-l,classic"
892,dairy-cheese-0892,dairy,Classic Cheese 2 L,/product-icons/generated/dairy-cheese-0892.webp,"dairy,cheese,2-l,classic"
893,dairy-cheese-0893,dairy,Classic Cheese Pack of 2,/product-icons/generated/dairy-cheese-0893.webp,"dairy,cheese,pack-of-2,classic"
894,dairy-cheese-0894,dairy,Classic Cheese Pack of 4,/product-icons/generated/dairy-cheese-0894.webp,"dairy,cheese,pack-of-4,classic"
895,dairy-cheese-0895,dairy,Classic Cheese Pack of 6,/product-icons/generated/dairy-cheese-0895.webp,"dairy,cheese,pack-of-6,classic"
896,dairy-cheese-0896,dairy,Classic Cheese Family Pack,/product-icons/generated/dairy-cheese-0896.webp,"dairy,cheese,family-pack,classic"
897,dairy-cheese-0897,dairy,Classic Cheese Mini,/product-icons/generated/dairy-cheese-0897.webp,"dairy,cheese,mini,classic"
898,dairy-cheese-0898,dairy,Classic Cheese Regular,/product-icons/generated/dairy-cheese-0898.webp,"dairy,cheese,regular,classic"
899,dairy-cheese-0899,dairy,Classic Cheese Premium,/product-icons/generated/dairy-cheese-0899.webp,"dairy,cheese,premium,classic"
900,dairy-cheese-0900,dairy,Classic Cheese Value,/product-icons/generated/dairy-cheese-0900.webp,"dairy,cheese,value,classic"
901,dairy-cream-0901,dairy,FreshFarm Cream 100 g,/product-icons/generated/dairy-cream-0901.webp,"dairy,cream,100-g,freshfarm"
902,dairy-cream-0902,dairy,FreshFarm Cream 200 g,/product-icons/generated/dairy-cream-0902.webp,"dairy,cream,200-g,freshfarm"
903,dairy-cream-0903,dairy,FreshFarm Cream 250 g,/product-icons/generated/dairy-cream-0903.webp,"dairy,cream,250-g,freshfarm"
904,dairy-cream-0904,dairy,FreshFarm Cream 500 g,/product-icons/generated/dairy-cream-0904.webp,"dairy,cream,500-g,freshfarm"
905,dairy-cream-0905,dairy,FreshFarm Cream 1 kg,/product-icons/generated/dairy-cream-0905.webp,"dairy,cream,1-kg,freshfarm"
906,dairy-cream-0906,dairy,FreshFarm Cream 100 ml,/product-icons/generated/dairy-cream-0906.webp,"dairy,cream,100-ml,freshfarm"
907,dairy-cream-0907,dairy,FreshFarm Cream 200 ml,/product-icons/generated/dairy-cream-0907.webp,"dairy,cream,200-ml,freshfarm"
908,dairy-cream-0908,dairy,FreshFarm Cream 500 ml,/product-icons/generated/dairy-cream-0908.webp,"dairy,cream,500-ml,freshfarm"
909,dairy-cream-0909,dairy,FreshFarm Cream 1 L,/product-icons/generated/dairy-cream-0909.webp,"dairy,cream,1-l,freshfarm"
910,dairy-cream-0910,dairy,FreshFarm Cream 2 L,/product-icons/generated/dairy-cream-0910.webp,"dairy,cream,2-l,freshfarm"
911,dairy-cream-0911,dairy,FreshFarm Cream Pack of 2,/product-icons/generated/dairy-cream-0911.webp,"dairy,cream,pack-of-2,freshfarm"
912,dairy-cream-0912,dairy,FreshFarm Cream Pack of 4,/product-icons/generated/dairy-cream-0912.webp,"dairy,cream,pack-of-4,freshfarm"
913,dairy-cream-0913,dairy,FreshFarm Cream Pack of 6,/product-icons/generated/dairy-cream-0913.webp,"dairy,cream,pack-of-6,freshfarm"
914,dairy-cream-0914,dairy,FreshFarm Cream Family Pack,/product-icons/generated/dairy-cream-0914.webp,"dairy,cream,family-pack,freshfarm"
915,dairy-cream-0915,dairy,FreshFarm Cream Mini,/product-icons/generated/dairy-cream-0915.webp,"dairy,cream,mini,freshfarm"
916,dairy-cream-0916,dairy,FreshFarm Cream Regular,/product-icons/generated/dairy-cream-0916.webp,"dairy,cream,regular,freshfarm"
917,dairy-cream-0917,dairy,FreshFarm Cream Premium,/product-icons/generated/dairy-cream-0917.webp,"dairy,cream,premium,freshfarm"
918,dairy-cream-0918,dairy,FreshFarm Cream Value,/product-icons/generated/dairy-cream-0918.webp,"dairy,cream,value,freshfarm"
919,dairy-cream-0919,dairy,DailyChoice Cream 100 g,/product-icons/generated/dairy-cream-0919.webp,"dairy,cream,100-g,dailychoice"
920,dairy-cream-0920,dairy,DailyChoice Cream 200 g,/product-icons/generated/dairy-cream-0920.webp,"dairy,cream,200-g,dailychoice"
921,dairy-cream-0921,dairy,DailyChoice Cream 250 g,/product-icons/generated/dairy-cream-0921.webp,"dairy,cream,250-g,dailychoice"
922,dairy-cream-0922,dairy,DailyChoice Cream 500 g,/product-icons/generated/dairy-cream-0922.webp,"dairy,cream,500-g,dailychoice"
923,dairy-cream-0923,dairy,DailyChoice Cream 1 kg,/product-icons/generated/dairy-cream-0923.webp,"dairy,cream,1-kg,dailychoice"
924,dairy-cream-0924,dairy,DailyChoice Cream 100 ml,/product-icons/generated/dairy-cream-0924.webp,"dairy,cream,100-ml,dailychoice"
925,dairy-cream-0925,dairy,DailyChoice Cream 200 ml,/product-icons/generated/dairy-cream-0925.webp,"dairy,cream,200-ml,dailychoice"
926,dairy-cream-0926,dairy,DailyChoice Cream 500 ml,/product-icons/generated/dairy-cream-0926.webp,"dairy,cream,500-ml,dailychoice"
927,dairy-cream-0927,dairy,DailyChoice Cream 1 L,/product-icons/generated/dairy-cream-0927.webp,"dairy,cream,1-l,dailychoice"
928,dairy-cream-0928,dairy,DailyChoice Cream 2 L,/product-icons/generated/dairy-cream-0928.webp,"dairy,cream,2-l,dailychoice"
929,dairy-cream-0929,dairy,DailyChoice Cream Pack of 2,/product-icons/generated/dairy-cream-0929.webp,"dairy,cream,pack-of-2,dailychoice"
930,dairy-cream-0930,dairy,DailyChoice Cream Pack of 4,/product-icons/generated/dairy-cream-0930.webp,"dairy,cream,pack-of-4,dailychoice"
931,dairy-cream-0931,dairy,DailyChoice Cream Pack of 6,/product-icons/generated/dairy-cream-0931.webp,"dairy,cream,pack-of-6,dailychoice"
932,dairy-cream-0932,dairy,DailyChoice Cream Family Pack,/product-icons/generated/dairy-cream-0932.webp,"dairy,cream,family-pack,dailychoice"
933,dairy-cream-0933,dairy,DailyChoice Cream Mini,/product-icons/generated/dairy-cream-0933.webp,"dairy,cream,mini,dailychoice"
934,dairy-cream-0934,dairy,DailyChoice Cream Regular,/product-icons/generated/dairy-cream-0934.webp,"dairy,cream,regular,dailychoice"
935,dairy-cream-0935,dairy,DailyChoice Cream Premium,/product-icons/generated/dairy-cream-0935.webp,"dairy,cream,premium,dailychoice"
936,dairy-cream-0936,dairy,DailyChoice Cream Value,/product-icons/generated/dairy-cream-0936.webp,"dairy,cream,value,dailychoice"
937,dairy-cream-0937,dairy,QuickMart Cream 100 g,/product-icons/generated/dairy-cream-0937.webp,"dairy,cream,100-g,quickmart"
938,dairy-cream-0938,dairy,QuickMart Cream 200 g,/product-icons/generated/dairy-cream-0938.webp,"dairy,cream,200-g,quickmart"
939,dairy-cream-0939,dairy,QuickMart Cream 250 g,/product-icons/generated/dairy-cream-0939.webp,"dairy,cream,250-g,quickmart"
940,dairy-cream-0940,dairy,QuickMart Cream 500 g,/product-icons/generated/dairy-cream-0940.webp,"dairy,cream,500-g,quickmart"
941,dairy-cream-0941,dairy,QuickMart Cream 1 kg,/product-icons/generated/dairy-cream-0941.webp,"dairy,cream,1-kg,quickmart"
942,dairy-cream-0942,dairy,QuickMart Cream 100 ml,/product-icons/generated/dairy-cream-0942.webp,"dairy,cream,100-ml,quickmart"
943,dairy-cream-0943,dairy,QuickMart Cream 200 ml,/product-icons/generated/dairy-cream-0943.webp,"dairy,cream,200-ml,quickmart"
944,dairy-cream-0944,dairy,QuickMart Cream 500 ml,/product-icons/generated/dairy-cream-0944.webp,"dairy,cream,500-ml,quickmart"
945,dairy-cream-0945,dairy,QuickMart Cream 1 L,/product-icons/generated/dairy-cream-0945.webp,"dairy,cream,1-l,quickmart"
946,dairy-cream-0946,dairy,QuickMart Cream 2 L,/product-icons/generated/dairy-cream-0946.webp,"dairy,cream,2-l,quickmart"
947,dairy-cream-0947,dairy,QuickMart Cream Pack of 2,/product-icons/generated/dairy-cream-0947.webp,"dairy,cream,pack-of-2,quickmart"
948,dairy-cream-0948,dairy,QuickMart Cream Pack of 4,/product-icons/generated/dairy-cream-0948.webp,"dairy,cream,pack-of-4,quickmart"
949,dairy-cream-0949,dairy,QuickMart Cream Pack of 6,/product-icons/generated/dairy-cream-0949.webp,"dairy,cream,pack-of-6,quickmart"
950,dairy-cream-0950,dairy,QuickMart Cream Family Pack,/product-icons/generated/dairy-cream-0950.webp,"dairy,cream,family-pack,quickmart"
951,dairy-cream-0951,dairy,QuickMart Cream Mini,/product-icons/generated/dairy-cream-0951.webp,"dairy,cream,mini,quickmart"
952,dairy-cream-0952,dairy,QuickMart Cream Regular,/product-icons/generated/dairy-cream-0952.webp,"dairy,cream,regular,quickmart"
953,dairy-cream-0953,dairy,QuickMart Cream Premium,/product-icons/generated/dairy-cream-0953.webp,"dairy,cream,premium,quickmart"
954,dairy-cream-0954,dairy,QuickMart Cream Value,/product-icons/generated/dairy-cream-0954.webp,"dairy,cream,value,quickmart"
955,dairy-cream-0955,dairy,SmartBuy Cream 100 g,/product-icons/generated/dairy-cream-0955.webp,"dairy,cream,100-g,smartbuy"
956,dairy-cream-0956,dairy,SmartBuy Cream 200 g,/product-icons/generated/dairy-cream-0956.webp,"dairy,cream,200-g,smartbuy"
957,dairy-cream-0957,dairy,SmartBuy Cream 250 g,/product-icons/generated/dairy-cream-0957.webp,"dairy,cream,250-g,smartbuy"
958,dairy-cream-0958,dairy,SmartBuy Cream 500 g,/product-icons/generated/dairy-cream-0958.webp,"dairy,cream,500-g,smartbuy"
959,dairy-cream-0959,dairy,SmartBuy Cream 1 kg,/product-icons/generated/dairy-cream-0959.webp,"dairy,cream,1-kg,smartbuy"
960,dairy-cream-0960,dairy,SmartBuy Cream 100 ml,/product-icons/generated/dairy-cream-0960.webp,"dairy,cream,100-ml,smartbuy"
961,dairy-cream-0961,dairy,SmartBuy Cream 200 ml,/product-icons/generated/dairy-cream-0961.webp,"dairy,cream,200-ml,smartbuy"
962,dairy-cream-0962,dairy,SmartBuy Cream 500 ml,/product-icons/generated/dairy-cream-0962.webp,"dairy,cream,500-ml,smartbuy"
963,dairy-cream-0963,dairy,SmartBuy Cream 1 L,/product-icons/generated/dairy-cream-0963.webp,"dairy,cream,1-l,smartbuy"
964,dairy-cream-0964,dairy,SmartBuy Cream 2 L,/product-icons/generated/dairy-cream-0964.webp,"dairy,cream,2-l,smartbuy"
965,dairy-cream-0965,dairy,SmartBuy Cream Pack of 2,/product-icons/generated/dairy-cream-0965.webp,"dairy,cream,pack-of-2,smartbuy"
966,dairy-cream-0966,dairy,SmartBuy Cream Pack of 4,/product-icons/generated/dairy-cream-0966.webp,"dairy,cream,pack-of-4,smartbuy"
967,dairy-cream-0967,dairy,SmartBuy Cream Pack of 6,/product-icons/generated/dairy-cream-0967.webp,"dairy,cream,pack-of-6,smartbuy"
968,dairy-cream-0968,dairy,SmartBuy Cream Family Pack,/product-icons/generated/dairy-cream-0968.webp,"dairy,cream,family-pack,smartbuy"
969,dairy-cream-0969,dairy,SmartBuy Cream Mini,/product-icons/generated/dairy-cream-0969.webp,"dairy,cream,mini,smartbuy"
970,dairy-cream-0970,dairy,SmartBuy Cream Regular,/product-icons/generated/dairy-cream-0970.webp,"dairy,cream,regular,smartbuy"
971,dairy-cream-0971,dairy,SmartBuy Cream Premium,/product-icons/generated/dairy-cream-0971.webp,"dairy,cream,premium,smartbuy"
972,dairy-cream-0972,dairy,SmartBuy Cream Value,/product-icons/generated/dairy-cream-0972.webp,"dairy,cream,value,smartbuy"
973,dairy-cream-0973,dairy,HomeSelect Cream 100 g,/product-icons/generated/dairy-cream-0973.webp,"dairy,cream,100-g,homeselect"
974,dairy-cream-0974,dairy,HomeSelect Cream 200 g,/product-icons/generated/dairy-cream-0974.webp,"dairy,cream,200-g,homeselect"
975,dairy-cream-0975,dairy,HomeSelect Cream 250 g,/product-icons/generated/dairy-cream-0975.webp,"dairy,cream,250-g,homeselect"
976,dairy-cream-0976,dairy,HomeSelect Cream 500 g,/product-icons/generated/dairy-cream-0976.webp,"dairy,cream,500-g,homeselect"
977,dairy-cream-0977,dairy,HomeSelect Cream 1 kg,/product-icons/generated/dairy-cream-0977.webp,"dairy,cream,1-kg,homeselect"
978,dairy-cream-0978,dairy,HomeSelect Cream 100 ml,/product-icons/generated/dairy-cream-0978.webp,"dairy,cream,100-ml,homeselect"
979,dairy-cream-0979,dairy,HomeSelect Cream 200 ml,/product-icons/generated/dairy-cream-0979.webp,"dairy,cream,200-ml,homeselect"
980,dairy-cream-0980,dairy,HomeSelect Cream 500 ml,/product-icons/generated/dairy-cream-0980.webp,"dairy,cream,500-ml,homeselect"
981,dairy-cream-0981,dairy,HomeSelect Cream 1 L,/product-icons/generated/dairy-cream-0981.webp,"dairy,cream,1-l,homeselect"
982,dairy-cream-0982,dairy,HomeSelect Cream 2 L,/product-icons/generated/dairy-cream-0982.webp,"dairy,cream,2-l,homeselect"
983,dairy-cream-0983,dairy,HomeSelect Cream Pack of 2,/product-icons/generated/dairy-cream-0983.webp,"dairy,cream,pack-of-2,homeselect"
984,dairy-cream-0984,dairy,HomeSelect Cream Pack of 4,/product-icons/generated/dairy-cream-0984.webp,"dairy,cream,pack-of-4,homeselect"
985,dairy-cream-0985,dairy,HomeSelect Cream Pack of 6,/product-icons/generated/dairy-cream-0985.webp,"dairy,cream,pack-of-6,homeselect"
986,dairy-cream-0986,dairy,HomeSelect Cream Family Pack,/product-icons/generated/dairy-cream-0986.webp,"dairy,cream,family-pack,homeselect"
987,dairy-cream-0987,dairy,HomeSelect Cream Mini,/product-icons/generated/dairy-cream-0987.webp,"dairy,cream,mini,homeselect"
988,dairy-cream-0988,dairy,HomeSelect Cream Regular,/product-icons/generated/dairy-cream-0988.webp,"dairy,cream,regular,homeselect"
989,dairy-cream-0989,dairy,HomeSelect Cream Premium,/product-icons/generated/dairy-cream-0989.webp,"dairy,cream,premium,homeselect"
990,dairy-cream-0990,dairy,HomeSelect Cream Value,/product-icons/generated/dairy-cream-0990.webp,"dairy,cream,value,homeselect"
991,dairy-cream-0991,dairy,PrimeValue Cream 100 g,/product-icons/generated/dairy-cream-0991.webp,"dairy,cream,100-g,primevalue"
992,dairy-cream-0992,dairy,PrimeValue Cream 200 g,/product-icons/generated/dairy-cream-0992.webp,"dairy,cream,200-g,primevalue"
993,dairy-cream-0993,dairy,PrimeValue Cream 250 g,/product-icons/generated/dairy-cream-0993.webp,"dairy,cream,250-g,primevalue"
994,dairy-cream-0994,dairy,PrimeValue Cream 500 g,/product-icons/generated/dairy-cream-0994.webp,"dairy,cream,500-g,primevalue"
995,dairy-cream-0995,dairy,PrimeValue Cream 1 kg,/product-icons/generated/dairy-cream-0995.webp,"dairy,cream,1-kg,primevalue"
996,dairy-cream-0996,dairy,PrimeValue Cream 100 ml,/product-icons/generated/dairy-cream-0996.webp,"dairy,cream,100-ml,primevalue"
997,dairy-cream-0997,dairy,PrimeValue Cream 200 ml,/product-icons/generated/dairy-cream-0997.webp,"dairy,cream,200-ml,primevalue"
998,dairy-cream-0998,dairy,PrimeValue Cream 500 ml,/product-icons/generated/dairy-cream-0998.webp,"dairy,cream,500-ml,primevalue"
999,dairy-cream-0999,dairy,PrimeValue Cream 1 L,/product-icons/generated/dairy-cream-0999.webp,"dairy,cream,1-l,primevalue"
1000,dairy-cream-1000,dairy,PrimeValue Cream 2 L,/product-icons/generated/dairy-cream-1000.webp,"dairy,cream,2-l,primevalue"
1001,dairy-cream-1001,dairy,PrimeValue Cream Pack of 2,/product-icons/generated/dairy-cream-1001.webp,"dairy,cream,pack-of-2,primevalue"
1002,dairy-cream-1002,dairy,PrimeValue Cream Pack of 4,/product-icons/generated/dairy-cream-1002.webp,"dairy,cream,pack-of-4,primevalue"
1003,dairy-cream-1003,dairy,PrimeValue Cream Pack of 6,/product-icons/generated/dairy-cream-1003.webp,"dairy,cream,pack-of-6,primevalue"
1004,dairy-cream-1004,dairy,PrimeValue Cream Family Pack,/product-icons/generated/dairy-cream-1004.webp,"dairy,cream,family-pack,primevalue"
1005,dairy-cream-1005,dairy,PrimeValue Cream Mini,/product-icons/generated/dairy-cream-1005.webp,"dairy,cream,mini,primevalue"
1006,dairy-cream-1006,dairy,PrimeValue Cream Regular,/product-icons/generated/dairy-cream-1006.webp,"dairy,cream,regular,primevalue"
1007,dairy-cream-1007,dairy,PrimeValue Cream Premium,/product-icons/generated/dairy-cream-1007.webp,"dairy,cream,premium,primevalue"
1008,dairy-cream-1008,dairy,PrimeValue Cream Value,/product-icons/generated/dairy-cream-1008.webp,"dairy,cream,value,primevalue"
1009,dairy-cream-1009,dairy,StoreBest Cream 100 g,/product-icons/generated/dairy-cream-1009.webp,"dairy,cream,100-g,storebest"
1010,dairy-cream-1010,dairy,StoreBest Cream 200 g,/product-icons/generated/dairy-cream-1010.webp,"dairy,cream,200-g,storebest"
1011,dairy-cream-1011,dairy,StoreBest Cream 250 g,/product-icons/generated/dairy-cream-1011.webp,"dairy,cream,250-g,storebest"
1012,dairy-cream-1012,dairy,StoreBest Cream 500 g,/product-icons/generated/dairy-cream-1012.webp,"dairy,cream,500-g,storebest"
1013,dairy-cream-1013,dairy,StoreBest Cream 1 kg,/product-icons/generated/dairy-cream-1013.webp,"dairy,cream,1-kg,storebest"
1014,dairy-cream-1014,dairy,StoreBest Cream 100 ml,/product-icons/generated/dairy-cream-1014.webp,"dairy,cream,100-ml,storebest"
1015,dairy-cream-1015,dairy,StoreBest Cream 200 ml,/product-icons/generated/dairy-cream-1015.webp,"dairy,cream,200-ml,storebest"
1016,dairy-cream-1016,dairy,StoreBest Cream 500 ml,/product-icons/generated/dairy-cream-1016.webp,"dairy,cream,500-ml,storebest"
1017,dairy-cream-1017,dairy,StoreBest Cream 1 L,/product-icons/generated/dairy-cream-1017.webp,"dairy,cream,1-l,storebest"
1018,dairy-cream-1018,dairy,StoreBest Cream 2 L,/product-icons/generated/dairy-cream-1018.webp,"dairy,cream,2-l,storebest"
1019,dairy-cream-1019,dairy,StoreBest Cream Pack of 2,/product-icons/generated/dairy-cream-1019.webp,"dairy,cream,pack-of-2,storebest"
1020,dairy-cream-1020,dairy,StoreBest Cream Pack of 4,/product-icons/generated/dairy-cream-1020.webp,"dairy,cream,pack-of-4,storebest"
1021,dairy-cream-1021,dairy,StoreBest Cream Pack of 6,/product-icons/generated/dairy-cream-1021.webp,"dairy,cream,pack-of-6,storebest"
1022,dairy-cream-1022,dairy,StoreBest Cream Family Pack,/product-icons/generated/dairy-cream-1022.webp,"dairy,cream,family-pack,storebest"
1023,dairy-cream-1023,dairy,StoreBest Cream Mini,/product-icons/generated/dairy-cream-1023.webp,"dairy,cream,mini,storebest"
1024,dairy-cream-1024,dairy,StoreBest Cream Regular,/product-icons/generated/dairy-cream-1024.webp,"dairy,cream,regular,storebest"
1025,dairy-cream-1025,dairy,StoreBest Cream Premium,/product-icons/generated/dairy-cream-1025.webp,"dairy,cream,premium,storebest"
1026,dairy-cream-1026,dairy,StoreBest Cream Value,/product-icons/generated/dairy-cream-1026.webp,"dairy,cream,value,storebest"
1027,dairy-cream-1027,dairy,GoodLife Cream 100 g,/product-icons/generated/dairy-cream-1027.webp,"dairy,cream,100-g,goodlife"
1028,dairy-cream-1028,dairy,GoodLife Cream 200 g,/product-icons/generated/dairy-cream-1028.webp,"dairy,cream,200-g,goodlife"
1029,dairy-cream-1029,dairy,GoodLife Cream 250 g,/product-icons/generated/dairy-cream-1029.webp,"dairy,cream,250-g,goodlife"
1030,dairy-cream-1030,dairy,GoodLife Cream 500 g,/product-icons/generated/dairy-cream-1030.webp,"dairy,cream,500-g,goodlife"
1031,dairy-cream-1031,dairy,GoodLife Cream 1 kg,/product-icons/generated/dairy-cream-1031.webp,"dairy,cream,1-kg,goodlife"
1032,dairy-cream-1032,dairy,GoodLife Cream 100 ml,/product-icons/generated/dairy-cream-1032.webp,"dairy,cream,100-ml,goodlife"
1033,dairy-cream-1033,dairy,GoodLife Cream 200 ml,/product-icons/generated/dairy-cream-1033.webp,"dairy,cream,200-ml,goodlife"
1034,dairy-cream-1034,dairy,GoodLife Cream 500 ml,/product-icons/generated/dairy-cream-1034.webp,"dairy,cream,500-ml,goodlife"
1035,dairy-cream-1035,dairy,GoodLife Cream 1 L,/product-icons/generated/dairy-cream-1035.webp,"dairy,cream,1-l,goodlife"
1036,dairy-cream-1036,dairy,GoodLife Cream 2 L,/product-icons/generated/dairy-cream-1036.webp,"dairy,cream,2-l,goodlife"
1037,dairy-cream-1037,dairy,GoodLife Cream Pack of 2,/product-icons/generated/dairy-cream-1037.webp,"dairy,cream,pack-of-2,goodlife"
1038,dairy-cream-1038,dairy,GoodLife Cream Pack of 4,/product-icons/generated/dairy-cream-1038.webp,"dairy,cream,pack-of-4,goodlife"
1039,dairy-cream-1039,dairy,GoodLife Cream Pack of 6,/product-icons/generated/dairy-cream-1039.webp,"dairy,cream,pack-of-6,goodlife"
1040,dairy-cream-1040,dairy,GoodLife Cream Family Pack,/product-icons/generated/dairy-cream-1040.webp,"dairy,cream,family-pack,goodlife"
1041,dairy-cream-1041,dairy,GoodLife Cream Mini,/product-icons/generated/dairy-cream-1041.webp,"dairy,cream,mini,goodlife"
1042,dairy-cream-1042,dairy,GoodLife Cream Regular,/product-icons/generated/dairy-cream-1042.webp,"dairy,cream,regular,goodlife"
1043,dairy-cream-1043,dairy,GoodLife Cream Premium,/product-icons/generated/dairy-cream-1043.webp,"dairy,cream,premium,goodlife"
1044,dairy-cream-1044,dairy,GoodLife Cream Value,/product-icons/generated/dairy-cream-1044.webp,"dairy,cream,value,goodlife"
1045,dairy-cream-1045,dairy,CityFresh Cream 100 g,/product-icons/generated/dairy-cream-1045.webp,"dairy,cream,100-g,cityfresh"
1046,dairy-cream-1046,dairy,CityFresh Cream 200 g,/product-icons/generated/dairy-cream-1046.webp,"dairy,cream,200-g,cityfresh"
1047,dairy-cream-1047,dairy,CityFresh Cream 250 g,/product-icons/generated/dairy-cream-1047.webp,"dairy,cream,250-g,cityfresh"
1048,dairy-cream-1048,dairy,CityFresh Cream 500 g,/product-icons/generated/dairy-cream-1048.webp,"dairy,cream,500-g,cityfresh"
1049,dairy-cream-1049,dairy,CityFresh Cream 1 kg,/product-icons/generated/dairy-cream-1049.webp,"dairy,cream,1-kg,cityfresh"
1050,dairy-cream-1050,dairy,CityFresh Cream 100 ml,/product-icons/generated/dairy-cream-1050.webp,"dairy,cream,100-ml,cityfresh"
1051,dairy-cream-1051,dairy,CityFresh Cream 200 ml,/product-icons/generated/dairy-cream-1051.webp,"dairy,cream,200-ml,cityfresh"
1052,dairy-cream-1052,dairy,CityFresh Cream 500 ml,/product-icons/generated/dairy-cream-1052.webp,"dairy,cream,500-ml,cityfresh"
1053,dairy-cream-1053,dairy,CityFresh Cream 1 L,/product-icons/generated/dairy-cream-1053.webp,"dairy,cream,1-l,cityfresh"
1054,dairy-cream-1054,dairy,CityFresh Cream 2 L,/product-icons/generated/dairy-cream-1054.webp,"dairy,cream,2-l,cityfresh"
1055,dairy-cream-1055,dairy,CityFresh Cream Pack of 2,/product-icons/generated/dairy-cream-1055.webp,"dairy,cream,pack-of-2,cityfresh"
1056,dairy-cream-1056,dairy,CityFresh Cream Pack of 4,/product-icons/generated/dairy-cream-1056.webp,"dairy,cream,pack-of-4,cityfresh"
1057,dairy-cream-1057,dairy,CityFresh Cream Pack of 6,/product-icons/generated/dairy-cream-1057.webp,"dairy,cream,pack-of-6,cityfresh"
1058,dairy-cream-1058,dairy,CityFresh Cream Family Pack,/product-icons/generated/dairy-cream-1058.webp,"dairy,cream,family-pack,cityfresh"
1059,dairy-cream-1059,dairy,CityFresh Cream Mini,/product-icons/generated/dairy-cream-1059.webp,"dairy,cream,mini,cityfresh"
1060,dairy-cream-1060,dairy,CityFresh Cream Regular,/product-icons/generated/dairy-cream-1060.webp,"dairy,cream,regular,cityfresh"
1061,dairy-cream-1061,dairy,CityFresh Cream Premium,/product-icons/generated/dairy-cream-1061.webp,"dairy,cream,premium,cityfresh"
1062,dairy-cream-1062,dairy,CityFresh Cream Value,/product-icons/generated/dairy-cream-1062.webp,"dairy,cream,value,cityfresh"
1063,dairy-cream-1063,dairy,Classic Cream 100 g,/product-icons/generated/dairy-cream-1063.webp,"dairy,cream,100-g,classic"
1064,dairy-cream-1064,dairy,Classic Cream 200 g,/product-icons/generated/dairy-cream-1064.webp,"dairy,cream,200-g,classic"
1065,dairy-cream-1065,dairy,Classic Cream 250 g,/product-icons/generated/dairy-cream-1065.webp,"dairy,cream,250-g,classic"
1066,dairy-cream-1066,dairy,Classic Cream 500 g,/product-icons/generated/dairy-cream-1066.webp,"dairy,cream,500-g,classic"
1067,dairy-cream-1067,dairy,Classic Cream 1 kg,/product-icons/generated/dairy-cream-1067.webp,"dairy,cream,1-kg,classic"
1068,dairy-cream-1068,dairy,Classic Cream 100 ml,/product-icons/generated/dairy-cream-1068.webp,"dairy,cream,100-ml,classic"
1069,dairy-cream-1069,dairy,Classic Cream 200 ml,/product-icons/generated/dairy-cream-1069.webp,"dairy,cream,200-ml,classic"
1070,dairy-cream-1070,dairy,Classic Cream 500 ml,/product-icons/generated/dairy-cream-1070.webp,"dairy,cream,500-ml,classic"
1071,dairy-cream-1071,dairy,Classic Cream 1 L,/product-icons/generated/dairy-cream-1071.webp,"dairy,cream,1-l,classic"
1072,dairy-cream-1072,dairy,Classic Cream 2 L,/product-icons/generated/dairy-cream-1072.webp,"dairy,cream,2-l,classic"
1073,dairy-cream-1073,dairy,Classic Cream Pack of 2,/product-icons/generated/dairy-cream-1073.webp,"dairy,cream,pack-of-2,classic"
1074,dairy-cream-1074,dairy,Classic Cream Pack of 4,/product-icons/generated/dairy-cream-1074.webp,"dairy,cream,pack-of-4,classic"
1075,dairy-cream-1075,dairy,Classic Cream Pack of 6,/product-icons/generated/dairy-cream-1075.webp,"dairy,cream,pack-of-6,classic"
1076,dairy-cream-1076,dairy,Classic Cream Family Pack,/product-icons/generated/dairy-cream-1076.webp,"dairy,cream,family-pack,classic"
1077,dairy-cream-1077,dairy,Classic Cream Mini,/product-icons/generated/dairy-cream-1077.webp,"dairy,cream,mini,classic"
1078,dairy-cream-1078,dairy,Classic Cream Regular,/product-icons/generated/dairy-cream-1078.webp,"dairy,cream,regular,classic"
1079,dairy-cream-1079,dairy,Classic Cream Premium,/product-icons/generated/dairy-cream-1079.webp,"dairy,cream,premium,classic"
1080,dairy-cream-1080,dairy,Classic Cream Value,/product-icons/generated/dairy-cream-1080.webp,"dairy,cream,value,classic"
1081,dairy-lassi-1081,dairy,FreshFarm Lassi 100 g,/product-icons/generated/dairy-lassi-1081.webp,"dairy,lassi,100-g,freshfarm"
1082,dairy-lassi-1082,dairy,FreshFarm Lassi 200 g,/product-icons/generated/dairy-lassi-1082.webp,"dairy,lassi,200-g,freshfarm"
1083,dairy-lassi-1083,dairy,FreshFarm Lassi 250 g,/product-icons/generated/dairy-lassi-1083.webp,"dairy,lassi,250-g,freshfarm"
1084,dairy-lassi-1084,dairy,FreshFarm Lassi 500 g,/product-icons/generated/dairy-lassi-1084.webp,"dairy,lassi,500-g,freshfarm"
1085,dairy-lassi-1085,dairy,FreshFarm Lassi 1 kg,/product-icons/generated/dairy-lassi-1085.webp,"dairy,lassi,1-kg,freshfarm"
1086,dairy-lassi-1086,dairy,FreshFarm Lassi 100 ml,/product-icons/generated/dairy-lassi-1086.webp,"dairy,lassi,100-ml,freshfarm"
1087,dairy-lassi-1087,dairy,FreshFarm Lassi 200 ml,/product-icons/generated/dairy-lassi-1087.webp,"dairy,lassi,200-ml,freshfarm"
1088,dairy-lassi-1088,dairy,FreshFarm Lassi 500 ml,/product-icons/generated/dairy-lassi-1088.webp,"dairy,lassi,500-ml,freshfarm"
1089,dairy-lassi-1089,dairy,FreshFarm Lassi 1 L,/product-icons/generated/dairy-lassi-1089.webp,"dairy,lassi,1-l,freshfarm"
1090,dairy-lassi-1090,dairy,FreshFarm Lassi 2 L,/product-icons/generated/dairy-lassi-1090.webp,"dairy,lassi,2-l,freshfarm"
1091,dairy-lassi-1091,dairy,FreshFarm Lassi Pack of 2,/product-icons/generated/dairy-lassi-1091.webp,"dairy,lassi,pack-of-2,freshfarm"
1092,dairy-lassi-1092,dairy,FreshFarm Lassi Pack of 4,/product-icons/generated/dairy-lassi-1092.webp,"dairy,lassi,pack-of-4,freshfarm"
1093,dairy-lassi-1093,dairy,FreshFarm Lassi Pack of 6,/product-icons/generated/dairy-lassi-1093.webp,"dairy,lassi,pack-of-6,freshfarm"
1094,dairy-lassi-1094,dairy,FreshFarm Lassi Family Pack,/product-icons/generated/dairy-lassi-1094.webp,"dairy,lassi,family-pack,freshfarm"
1095,dairy-lassi-1095,dairy,FreshFarm Lassi Mini,/product-icons/generated/dairy-lassi-1095.webp,"dairy,lassi,mini,freshfarm"
1096,dairy-lassi-1096,dairy,FreshFarm Lassi Regular,/product-icons/generated/dairy-lassi-1096.webp,"dairy,lassi,regular,freshfarm"
1097,dairy-lassi-1097,dairy,FreshFarm Lassi Premium,/product-icons/generated/dairy-lassi-1097.webp,"dairy,lassi,premium,freshfarm"
1098,dairy-lassi-1098,dairy,FreshFarm Lassi Value,/product-icons/generated/dairy-lassi-1098.webp,"dairy,lassi,value,freshfarm"
1099,dairy-lassi-1099,dairy,DailyChoice Lassi 100 g,/product-icons/generated/dairy-lassi-1099.webp,"dairy,lassi,100-g,dailychoice"
1100,dairy-lassi-1100,dairy,DailyChoice Lassi 200 g,/product-icons/generated/dairy-lassi-1100.webp,"dairy,lassi,200-g,dailychoice"
1101,dairy-lassi-1101,dairy,DailyChoice Lassi 250 g,/product-icons/generated/dairy-lassi-1101.webp,"dairy,lassi,250-g,dailychoice"
1102,dairy-lassi-1102,dairy,DailyChoice Lassi 500 g,/product-icons/generated/dairy-lassi-1102.webp,"dairy,lassi,500-g,dailychoice"
1103,dairy-lassi-1103,dairy,DailyChoice Lassi 1 kg,/product-icons/generated/dairy-lassi-1103.webp,"dairy,lassi,1-kg,dailychoice"
1104,dairy-lassi-1104,dairy,DailyChoice Lassi 100 ml,/product-icons/generated/dairy-lassi-1104.webp,"dairy,lassi,100-ml,dailychoice"
1105,dairy-lassi-1105,dairy,DailyChoice Lassi 200 ml,/product-icons/generated/dairy-lassi-1105.webp,"dairy,lassi,200-ml,dailychoice"
1106,dairy-lassi-1106,dairy,DailyChoice Lassi 500 ml,/product-icons/generated/dairy-lassi-1106.webp,"dairy,lassi,500-ml,dailychoice"
1107,dairy-lassi-1107,dairy,DailyChoice Lassi 1 L,/product-icons/generated/dairy-lassi-1107.webp,"dairy,lassi,1-l,dailychoice"
1108,dairy-lassi-1108,dairy,DailyChoice Lassi 2 L,/product-icons/generated/dairy-lassi-1108.webp,"dairy,lassi,2-l,dailychoice"
1109,dairy-lassi-1109,dairy,DailyChoice Lassi Pack of 2,/product-icons/generated/dairy-lassi-1109.webp,"dairy,lassi,pack-of-2,dailychoice"
1110,dairy-lassi-1110,dairy,DailyChoice Lassi Pack of 4,/product-icons/generated/dairy-lassi-1110.webp,"dairy,lassi,pack-of-4,dailychoice"
1111,dairy-lassi-1111,dairy,DailyChoice Lassi Pack of 6,/product-icons/generated/dairy-lassi-1111.webp,"dairy,lassi,pack-of-6,dailychoice"
1112,dairy-lassi-1112,dairy,DailyChoice Lassi Family Pack,/product-icons/generated/dairy-lassi-1112.webp,"dairy,lassi,family-pack,dailychoice"
1113,dairy-lassi-1113,dairy,DailyChoice Lassi Mini,/product-icons/generated/dairy-lassi-1113.webp,"dairy,lassi,mini,dailychoice"
1114,dairy-lassi-1114,dairy,DailyChoice Lassi Regular,/product-icons/generated/dairy-lassi-1114.webp,"dairy,lassi,regular,dailychoice"
1115,dairy-lassi-1115,dairy,DailyChoice Lassi Premium,/product-icons/generated/dairy-lassi-1115.webp,"dairy,lassi,premium,dailychoice"
1116,dairy-lassi-1116,dairy,DailyChoice Lassi Value,/product-icons/generated/dairy-lassi-1116.webp,"dairy,lassi,value,dailychoice"
1117,dairy-lassi-1117,dairy,QuickMart Lassi 100 g,/product-icons/generated/dairy-lassi-1117.webp,"dairy,lassi,100-g,quickmart"
1118,dairy-lassi-1118,dairy,QuickMart Lassi 200 g,/product-icons/generated/dairy-lassi-1118.webp,"dairy,lassi,200-g,quickmart"
1119,dairy-lassi-1119,dairy,QuickMart Lassi 250 g,/product-icons/generated/dairy-lassi-1119.webp,"dairy,lassi,250-g,quickmart"
1120,dairy-lassi-1120,dairy,QuickMart Lassi 500 g,/product-icons/generated/dairy-lassi-1120.webp,"dairy,lassi,500-g,quickmart"
1121,dairy-lassi-1121,dairy,QuickMart Lassi 1 kg,/product-icons/generated/dairy-lassi-1121.webp,"dairy,lassi,1-kg,quickmart"
1122,dairy-lassi-1122,dairy,QuickMart Lassi 100 ml,/product-icons/generated/dairy-lassi-1122.webp,"dairy,lassi,100-ml,quickmart"
1123,dairy-lassi-1123,dairy,QuickMart Lassi 200 ml,/product-icons/generated/dairy-lassi-1123.webp,"dairy,lassi,200-ml,quickmart"
1124,dairy-lassi-1124,dairy,QuickMart Lassi 500 ml,/product-icons/generated/dairy-lassi-1124.webp,"dairy,lassi,500-ml,quickmart"
1125,dairy-lassi-1125,dairy,QuickMart Lassi 1 L,/product-icons/generated/dairy-lassi-1125.webp,"dairy,lassi,1-l,quickmart"
1126,dairy-lassi-1126,dairy,QuickMart Lassi 2 L,/product-icons/generated/dairy-lassi-1126.webp,"dairy,lassi,2-l,quickmart"
1127,dairy-lassi-1127,dairy,QuickMart Lassi Pack of 2,/product-icons/generated/dairy-lassi-1127.webp,"dairy,lassi,pack-of-2,quickmart"
1128,dairy-lassi-1128,dairy,QuickMart Lassi Pack of 4,/product-icons/generated/dairy-lassi-1128.webp,"dairy,lassi,pack-of-4,quickmart"
1129,dairy-lassi-1129,dairy,QuickMart Lassi Pack of 6,/product-icons/generated/dairy-lassi-1129.webp,"dairy,lassi,pack-of-6,quickmart"
1130,dairy-lassi-1130,dairy,QuickMart Lassi Family Pack,/product-icons/generated/dairy-lassi-1130.webp,"dairy,lassi,family-pack,quickmart"
1131,dairy-lassi-1131,dairy,QuickMart Lassi Mini,/product-icons/generated/dairy-lassi-1131.webp,"dairy,lassi,mini,quickmart"
1132,dairy-lassi-1132,dairy,QuickMart Lassi Regular,/product-icons/generated/dairy-lassi-1132.webp,"dairy,lassi,regular,quickmart"
1133,dairy-lassi-1133,dairy,QuickMart Lassi Premium,/product-icons/generated/dairy-lassi-1133.webp,"dairy,lassi,premium,quickmart"
1134,dairy-lassi-1134,dairy,QuickMart Lassi Value,/product-icons/generated/dairy-lassi-1134.webp,"dairy,lassi,value,quickmart"
1135,dairy-lassi-1135,dairy,SmartBuy Lassi 100 g,/product-icons/generated/dairy-lassi-1135.webp,"dairy,lassi,100-g,smartbuy"
1136,dairy-lassi-1136,dairy,SmartBuy Lassi 200 g,/product-icons/generated/dairy-lassi-1136.webp,"dairy,lassi,200-g,smartbuy"
1137,dairy-lassi-1137,dairy,SmartBuy Lassi 250 g,/product-icons/generated/dairy-lassi-1137.webp,"dairy,lassi,250-g,smartbuy"
1138,dairy-lassi-1138,dairy,SmartBuy Lassi 500 g,/product-icons/generated/dairy-lassi-1138.webp,"dairy,lassi,500-g,smartbuy"
1139,dairy-lassi-1139,dairy,SmartBuy Lassi 1 kg,/product-icons/generated/dairy-lassi-1139.webp,"dairy,lassi,1-kg,smartbuy"
1140,dairy-lassi-1140,dairy,SmartBuy Lassi 100 ml,/product-icons/generated/dairy-lassi-1140.webp,"dairy,lassi,100-ml,smartbuy"
1141,dairy-lassi-1141,dairy,SmartBuy Lassi 200 ml,/product-icons/generated/dairy-lassi-1141.webp,"dairy,lassi,200-ml,smartbuy"
1142,dairy-lassi-1142,dairy,SmartBuy Lassi 500 ml,/product-icons/generated/dairy-lassi-1142.webp,"dairy,lassi,500-ml,smartbuy"
1143,dairy-lassi-1143,dairy,SmartBuy Lassi 1 L,/product-icons/generated/dairy-lassi-1143.webp,"dairy,lassi,1-l,smartbuy"
1144,dairy-lassi-1144,dairy,SmartBuy Lassi 2 L,/product-icons/generated/dairy-lassi-1144.webp,"dairy,lassi,2-l,smartbuy"
1145,dairy-lassi-1145,dairy,SmartBuy Lassi Pack of 2,/product-icons/generated/dairy-lassi-1145.webp,"dairy,lassi,pack-of-2,smartbuy"
1146,dairy-lassi-1146,dairy,SmartBuy Lassi Pack of 4,/product-icons/generated/dairy-lassi-1146.webp,"dairy,lassi,pack-of-4,smartbuy"
1147,dairy-lassi-1147,dairy,SmartBuy Lassi Pack of 6,/product-icons/generated/dairy-lassi-1147.webp,"dairy,lassi,pack-of-6,smartbuy"
1148,dairy-lassi-1148,dairy,SmartBuy Lassi Family Pack,/product-icons/generated/dairy-lassi-1148.webp,"dairy,lassi,family-pack,smartbuy"
1149,dairy-lassi-1149,dairy,SmartBuy Lassi Mini,/product-icons/generated/dairy-lassi-1149.webp,"dairy,lassi,mini,smartbuy"
1150,dairy-lassi-1150,dairy,SmartBuy Lassi Regular,/product-icons/generated/dairy-lassi-1150.webp,"dairy,lassi,regular,smartbuy"
1151,dairy-lassi-1151,dairy,SmartBuy Lassi Premium,/product-icons/generated/dairy-lassi-1151.webp,"dairy,lassi,premium,smartbuy"
1152,dairy-lassi-1152,dairy,SmartBuy Lassi Value,/product-icons/generated/dairy-lassi-1152.webp,"dairy,lassi,value,smartbuy"
1153,dairy-lassi-1153,dairy,HomeSelect Lassi 100 g,/product-icons/generated/dairy-lassi-1153.webp,"dairy,lassi,100-g,homeselect"
1154,dairy-lassi-1154,dairy,HomeSelect Lassi 200 g,/product-icons/generated/dairy-lassi-1154.webp,"dairy,lassi,200-g,homeselect"
1155,dairy-lassi-1155,dairy,HomeSelect Lassi 250 g,/product-icons/generated/dairy-lassi-1155.webp,"dairy,lassi,250-g,homeselect"
1156,dairy-lassi-1156,dairy,HomeSelect Lassi 500 g,/product-icons/generated/dairy-lassi-1156.webp,"dairy,lassi,500-g,homeselect"
1157,dairy-lassi-1157,dairy,HomeSelect Lassi 1 kg,/product-icons/generated/dairy-lassi-1157.webp,"dairy,lassi,1-kg,homeselect"
1158,dairy-lassi-1158,dairy,HomeSelect Lassi 100 ml,/product-icons/generated/dairy-lassi-1158.webp,"dairy,lassi,100-ml,homeselect"
1159,dairy-lassi-1159,dairy,HomeSelect Lassi 200 ml,/product-icons/generated/dairy-lassi-1159.webp,"dairy,lassi,200-ml,homeselect"
1160,dairy-lassi-1160,dairy,HomeSelect Lassi 500 ml,/product-icons/generated/dairy-lassi-1160.webp,"dairy,lassi,500-ml,homeselect"
1161,dairy-lassi-1161,dairy,HomeSelect Lassi 1 L,/product-icons/generated/dairy-lassi-1161.webp,"dairy,lassi,1-l,homeselect"
1162,dairy-lassi-1162,dairy,HomeSelect Lassi 2 L,/product-icons/generated/dairy-lassi-1162.webp,"dairy,lassi,2-l,homeselect"
1163,dairy-lassi-1163,dairy,HomeSelect Lassi Pack of 2,/product-icons/generated/dairy-lassi-1163.webp,"dairy,lassi,pack-of-2,homeselect"
1164,dairy-lassi-1164,dairy,HomeSelect Lassi Pack of 4,/product-icons/generated/dairy-lassi-1164.webp,"dairy,lassi,pack-of-4,homeselect"
1165,dairy-lassi-1165,dairy,HomeSelect Lassi Pack of 6,/product-icons/generated/dairy-lassi-1165.webp,"dairy,lassi,pack-of-6,homeselect"
1166,dairy-lassi-1166,dairy,HomeSelect Lassi Family Pack,/product-icons/generated/dairy-lassi-1166.webp,"dairy,lassi,family-pack,homeselect"
1167,dairy-lassi-1167,dairy,HomeSelect Lassi Mini,/product-icons/generated/dairy-lassi-1167.webp,"dairy,lassi,mini,homeselect"
1168,dairy-lassi-1168,dairy,HomeSelect Lassi Regular,/product-icons/generated/dairy-lassi-1168.webp,"dairy,lassi,regular,homeselect"
1169,dairy-lassi-1169,dairy,HomeSelect Lassi Premium,/product-icons/generated/dairy-lassi-1169.webp,"dairy,lassi,premium,homeselect"
1170,dairy-lassi-1170,dairy,HomeSelect Lassi Value,/product-icons/generated/dairy-lassi-1170.webp,"dairy,lassi,value,homeselect"
1171,dairy-lassi-1171,dairy,PrimeValue Lassi 100 g,/product-icons/generated/dairy-lassi-1171.webp,"dairy,lassi,100-g,primevalue"
1172,dairy-lassi-1172,dairy,PrimeValue Lassi 200 g,/product-icons/generated/dairy-lassi-1172.webp,"dairy,lassi,200-g,primevalue"
1173,dairy-lassi-1173,dairy,PrimeValue Lassi 250 g,/product-icons/generated/dairy-lassi-1173.webp,"dairy,lassi,250-g,primevalue"
1174,dairy-lassi-1174,dairy,PrimeValue Lassi 500 g,/product-icons/generated/dairy-lassi-1174.webp,"dairy,lassi,500-g,primevalue"
1175,dairy-lassi-1175,dairy,PrimeValue Lassi 1 kg,/product-icons/generated/dairy-lassi-1175.webp,"dairy,lassi,1-kg,primevalue"
1176,dairy-lassi-1176,dairy,PrimeValue Lassi 100 ml,/product-icons/generated/dairy-lassi-1176.webp,"dairy,lassi,100-ml,primevalue"
1177,dairy-lassi-1177,dairy,PrimeValue Lassi 200 ml,/product-icons/generated/dairy-lassi-1177.webp,"dairy,lassi,200-ml,primevalue"
1178,dairy-lassi-1178,dairy,PrimeValue Lassi 500 ml,/product-icons/generated/dairy-lassi-1178.webp,"dairy,lassi,500-ml,primevalue"
1179,dairy-lassi-1179,dairy,PrimeValue Lassi 1 L,/product-icons/generated/dairy-lassi-1179.webp,"dairy,lassi,1-l,primevalue"
1180,dairy-lassi-1180,dairy,PrimeValue Lassi 2 L,/product-icons/generated/dairy-lassi-1180.webp,"dairy,lassi,2-l,primevalue"
1181,dairy-lassi-1181,dairy,PrimeValue Lassi Pack of 2,/product-icons/generated/dairy-lassi-1181.webp,"dairy,lassi,pack-of-2,primevalue"
1182,dairy-lassi-1182,dairy,PrimeValue Lassi Pack of 4,/product-icons/generated/dairy-lassi-1182.webp,"dairy,lassi,pack-of-4,primevalue"
1183,dairy-lassi-1183,dairy,PrimeValue Lassi Pack of 6,/product-icons/generated/dairy-lassi-1183.webp,"dairy,lassi,pack-of-6,primevalue"
1184,dairy-lassi-1184,dairy,PrimeValue Lassi Family Pack,/product-icons/generated/dairy-lassi-1184.webp,"dairy,lassi,family-pack,primevalue"
1185,dairy-lassi-1185,dairy,PrimeValue Lassi Mini,/product-icons/generated/dairy-lassi-1185.webp,"dairy,lassi,mini,primevalue"
1186,dairy-lassi-1186,dairy,PrimeValue Lassi Regular,/product-icons/generated/dairy-lassi-1186.webp,"dairy,lassi,regular,primevalue"
1187,dairy-lassi-1187,dairy,PrimeValue Lassi Premium,/product-icons/generated/dairy-lassi-1187.webp,"dairy,lassi,premium,primevalue"
1188,dairy-lassi-1188,dairy,PrimeValue Lassi Value,/product-icons/generated/dairy-lassi-1188.webp,"dairy,lassi,value,primevalue"
1189,dairy-lassi-1189,dairy,StoreBest Lassi 100 g,/product-icons/generated/dairy-lassi-1189.webp,"dairy,lassi,100-g,storebest"
1190,dairy-lassi-1190,dairy,StoreBest Lassi 200 g,/product-icons/generated/dairy-lassi-1190.webp,"dairy,lassi,200-g,storebest"
1191,dairy-lassi-1191,dairy,StoreBest Lassi 250 g,/product-icons/generated/dairy-lassi-1191.webp,"dairy,lassi,250-g,storebest"
1192,dairy-lassi-1192,dairy,StoreBest Lassi 500 g,/product-icons/generated/dairy-lassi-1192.webp,"dairy,lassi,500-g,storebest"
1193,dairy-lassi-1193,dairy,StoreBest Lassi 1 kg,/product-icons/generated/dairy-lassi-1193.webp,"dairy,lassi,1-kg,storebest"
1194,dairy-lassi-1194,dairy,StoreBest Lassi 100 ml,/product-icons/generated/dairy-lassi-1194.webp,"dairy,lassi,100-ml,storebest"
1195,dairy-lassi-1195,dairy,StoreBest Lassi 200 ml,/product-icons/generated/dairy-lassi-1195.webp,"dairy,lassi,200-ml,storebest"
1196,dairy-lassi-1196,dairy,StoreBest Lassi 500 ml,/product-icons/generated/dairy-lassi-1196.webp,"dairy,lassi,500-ml,storebest"
1197,dairy-lassi-1197,dairy,StoreBest Lassi 1 L,/product-icons/generated/dairy-lassi-1197.webp,"dairy,lassi,1-l,storebest"
1198,dairy-lassi-1198,dairy,StoreBest Lassi 2 L,/product-icons/generated/dairy-lassi-1198.webp,"dairy,lassi,2-l,storebest"
1199,dairy-lassi-1199,dairy,StoreBest Lassi Pack of 2,/product-icons/generated/dairy-lassi-1199.webp,"dairy,lassi,pack-of-2,storebest"
1200,dairy-lassi-1200,dairy,StoreBest Lassi Pack of 4,/product-icons/generated/dairy-lassi-1200.webp,"dairy,lassi,pack-of-4,storebest"
